Start Date/Time,End Date/Time,Id,Name,Stories,Total Impressions,Unique Impressions,Paid Impressions,Unique Paid Impressions,Organic Impressions,Unique Organic Impressions,Engagements,Engaged Users,Total Consumptions,Unique Consumptions,Total Likes,Page Actions,Page Views,Video Views,Paid Video Views,Organic Video View,New Fans,Date,Time,Month,Year
11/14/2020 4:00:00 PM +08:00,11/15/2020 4:00:00 PM +08:00,149795132607,YYH Co.,210,4907,3764,0,0,4837,3764,346,233,145,87,141,0,42,10,0,10,7,2020-11-14,16:00:00,November,2020
4/2/2021 3:00:00 PM +08:00,4/3/2021 3:00:00 PM +08:00,149795132607,YYH Co.,98,3657,2405,0,0,3598,2398,216,156,125,101,71,0,42,370,0,370,3,2021-04-02,15:00:00,April,2021
5/10/2020 3:00:00 PM +08:00,5/11/2020 3:00:00 PM +08:00,149795132607,YYH Co.,108,5573,2993,0,0,5493,2980,167,129,70,58,77,0,57,26,0,26,9,2020-05-10,15:00:00,May,2020
5/13/2020 3:00:00 PM +08:00,5/14/2020 3:00:00 PM +08:00,149795132607,YYH Co.,73,2717,1935,0,0,2651,1925,107,67,40,36,48,0,55,18,0,18,4,2020-05-13,15:00:00,May,2020
7/29/2020 3:00:00 PM +08:00,7/30/2020 3:00:00 PM +08:00,149795132607,YYH Co.,62,3073,2074,0,0,3004,2068,139,112,83,62,49,0,47,28,0,28,5,2020-07-29,15:00:00,July,2020
11/5/2020 4:00:00 PM +08:00,11/6/2020 4:00:00 PM +08:00,149795132607,YYH Co.,148,4599,2917,0,0,4539,2904,284,187,145,104,93,0,45,403,0,403,7,2020-11-05,16:00:00,November,2020
2/11/2020 4:00:00 PM +08:00,2/12/2020 4:00:00 PM +08:00,149795132607,YYH Co.,107,6599,3821,0,0,6513,3815,233,160,131,98,89,0,68,635,0,635,3,2020-02-11,16:00:00,February,2020
2/23/2020 4:00:00 PM +08:00,2/24/2020 4:00:00 PM +08:00,149795132607,YYH Co.,58,2510,2127,0,0,2452,2124,115,97,62,54,38,0,34,8,0,8,3,2020-02-23,16:00:00,February,2020
7/12/2020 3:00:00 PM +08:00,7/13/2020 3:00:00 PM +08:00,149795132607,YYH Co.,39,1935,1171,0,0,1878,1162,124,80,89,62,22,0,38,13,0,13,4,2020-07-12,15:00:00,July,2020
2/17/2021 4:00:00 PM +08:00,2/18/2021 4:00:00 PM +08:00,149795132607,YYH Co.,89,5359,2619,0,0,5325,2619,216,144,137,94,53,0,30,3,0,3,6,2021-02-17,16:00:00,February,2021
3/8/2020 3:00:00 PM +08:00,3/9/2020 3:00:00 PM +08:00,149795132607,YYH Co.,24,768,494,0,0,746,486,37,27,16,13,14,0,25,14,0,14,3,2020-03-08,15:00:00,March,2020
5/15/2020 3:00:00 PM +08:00,5/16/2020 3:00:00 PM +08:00,149795132607,YYH Co.,81,4580,2234,0,0,4470,2228,184,123,113,78,62,0,70,19,0,19,7,2020-05-15,15:00:00,May,2020
11/1/2020 4:00:00 PM +08:00,11/2/2020 4:00:00 PM +08:00,149795132607,YYH Co.,220,7476,4025,0,0,7377,4017,504,348,291,210,154,0,84,414,0,414,4,2020-11-01,16:00:00,November,2020
9/1/2020 3:00:00 PM +08:00,9/2/2020 3:00:00 PM +08:00,149795132607,YYH Co.,83,2714,2152,0,0,2642,2149,121,96,50,34,61,0,59,72,0,72,7,2020-09-01,15:00:00,September,2020
9/20/2020 3:00:00 PM +08:00,9/21/2020 3:00:00 PM +08:00,149795132607,YYH Co.,105,5505,2835,0,0,5429,2835,211,144,120,86,70,0,58,11,0,11,6,2020-09-20,15:00:00,September,2020
12/6/2020 4:00:00 PM +08:00,12/7/2020 4:00:00 PM +08:00,149795132607,YYH Co.,93,3363,2216,0,0,3264,2213,233,159,150,107,51,0,64,349,0,349,7,2020-12-06,16:00:00,December,2020
7/27/2020 3:00:00 PM +08:00,7/28/2020 3:00:00 PM +08:00,149795132607,YYH Co.,47,2558,1456,0,0,2493,1450,74,61,33,25,31,0,55,3,0,3,5,2020-07-27,15:00:00,July,2020
3/7/2021 4:00:00 PM +08:00,3/8/2021 4:00:00 PM +08:00,149795132607,YYH Co.,53,3046,2063,0,0,3008,2060,117,93,75,55,34,0,33,10,0,10,8,2021-03-07,16:00:00,March,2021
4/25/2021 3:00:00 PM +08:00,4/26/2021 3:00:00 PM +08:00,149795132607,YYH Co.,63,3248,2167,0,0,3197,2167,96,80,35,32,46,0,35,54,0,54,0,2021-04-25,15:00:00,April,2021
7/25/2020 3:00:00 PM +08:00,7/26/2020 3:00:00 PM +08:00,149795132607,YYH Co.,25,1118,443,0,0,1101,438,30,28,11,10,18,0,27,11,0,11,6,2020-07-25,15:00:00,July,2020
1/8/2020 4:00:00 PM +08:00,1/9/2020 4:00:00 PM +08:00,149795132607,YYH Co.,108,4288,2807,0,0,4144,2792,278,187,185,133,59,0,167,363,0,363,5,2020-01-08,16:00:00,January,2020
10/4/2020 3:00:00 PM +08:00,10/5/2020 3:00:00 PM +08:00,149795132607,YYH Co.,81,3774,2711,0,0,3694,2707,226,172,150,122,52,0,59,423,0,423,3,2020-10-04,15:00:00,October,2020
4/21/2021 3:00:00 PM +08:00,4/22/2021 3:00:00 PM +08:00,149795132607,YYH Co.,24,2260,1657,0,0,2213,1655,82,65,63,44,13,0,44,143,0,143,3,2021-04-21,15:00:00,April,2021
5/7/2021 3:00:00 PM +08:00,5/8/2021 3:00:00 PM +08:00,149795132607,YYH Co.,33,2735,1657,0,0,2673,1650,112,92,84,72,20,0,63,291,0,291,3,2021-05-07,15:00:00,May,2021
12/30/2020 4:00:00 PM +08:00,12/31/2020 4:00:00 PM +08:00,149795132607,YYH Co.,67,2086,1418,0,0,2023,1416,90,68,35,23,46,0,37,11,0,11,9,2020-12-30,16:00:00,December,2020
5/8/2020 3:00:00 PM +08:00,5/9/2020 3:00:00 PM +08:00,149795132607,YYH Co.,80,4232,2167,0,0,4149,2161,131,87,59,51,42,0,67,77,0,77,6,2020-05-08,15:00:00,May,2020
4/17/2021 3:00:00 PM +08:00,4/18/2021 3:00:00 PM +08:00,149795132607,YYH Co.,108,3900,2307,0,0,3846,2304,167,121,66,49,71,0,32,128,0,128,6,2021-04-17,15:00:00,April,2021
2/17/2020 4:00:00 PM +08:00,2/18/2020 4:00:00 PM +08:00,149795132607,YYH Co.,140,4152,3076,0,0,4097,3076,265,173,131,95,94,0,28,135,0,135,4,2020-02-17,16:00:00,February,2020
3/15/2021 3:00:00 PM +08:00,3/16/2021 3:00:00 PM +08:00,149795132607,YYH Co.,45,2596,2044,0,0,2565,2044,55,60,19,16,29,0,26,21,0,21,7,2021-03-15,15:00:00,March,2021
5/2/2020 3:00:00 PM +08:00,5/3/2020 3:00:00 PM +08:00,149795132607,YYH Co.,90,4838,2811,0,0,4745,2800,305,192,221,155,57,0,71,246,0,246,3,2020-05-02,15:00:00,May,2020
2/5/2020 4:00:00 PM +08:00,2/6/2020 4:00:00 PM +08:00,149795132607,YYH Co.,123,5642,3407,0,0,5507,3386,335,206,218,151,81,0,108,449,0,449,2,2020-02-05,16:00:00,February,2020
3/4/2021 4:00:00 PM +08:00,3/5/2021 4:00:00 PM +08:00,149795132607,YYH Co.,81,4551,2627,0,0,4487,2627,148,118,84,58,57,0,50,103,0,103,14,2021-03-04,16:00:00,March,2021
7/11/2020 3:00:00 PM +08:00,7/12/2020 3:00:00 PM +08:00,149795132607,YYH Co.,133,4816,3240,0,0,4718,3225,386,250,260,184,93,0,66,12,0,12,5,2020-07-11,15:00:00,July,2020
3/19/2020 3:00:00 PM +08:00,3/20/2020 3:00:00 PM +08:00,149795132607,YYH Co.,265,8086,4674,0,0,7998,4664,678,440,427,336,145,0,79,11,0,11,4,2020-03-19,15:00:00,March,2020
3/28/2020 3:00:00 PM +08:00,3/29/2020 3:00:00 PM +08:00,149795132607,YYH Co.,528,13287,6420,0,0,13262,6419,1151,707,635,463,302,0,80,11,0,11,8,2020-03-28,15:00:00,March,2020
6/11/2020 3:00:00 PM +08:00,6/12/2020 3:00:00 PM +08:00,149795132607,YYH Co.,76,3864,2457,0,0,3802,2441,162,126,92,73,55,0,57,137,0,137,3,2020-06-11,15:00:00,June,2020
7/9/2020 3:00:00 PM +08:00,7/10/2020 3:00:00 PM +08:00,149795132607,YYH Co.,149,7299,3954,0,0,7173,3934,284,212,148,124,107,0,87,26,0,26,2,2020-07-09,15:00:00,July,2020
12/26/2020 4:00:00 PM +08:00,12/27/2020 4:00:00 PM +08:00,149795132607,YYH Co.,27,1663,1282,0,0,1620,1275,45,46,27,23,14,0,33,9,0,9,8,2020-12-26,16:00:00,December,2020
5/5/2021 3:00:00 PM +08:00,5/6/2021 3:00:00 PM +08:00,149795132607,YYH Co.,107,4735,2566,0,0,4638,2559,242,169,140,99,85,0,74,300,0,300,3,2021-05-05,15:00:00,May,2021
10/21/2020 3:00:00 PM +08:00,10/22/2020 3:00:00 PM +08:00,149795132607,YYH Co.,88,3490,2310,0,0,3452,2310,129,105,45,30,61,0,40,14,0,14,3,2020-10-21,15:00:00,October,2020
12/15/2020 4:00:00 PM +08:00,12/16/2020 4:00:00 PM +08:00,149795132607,YYH Co.,58,3694,2011,0,0,3612,2009,82,82,43,35,29,0,47,11,0,11,17,2020-12-15,16:00:00,December,2020
3/17/2020 3:00:00 PM +08:00,3/18/2020 3:00:00 PM +08:00,149795132607,YYH Co.,1084,29420,24348,0,0,29237,24348,4474,3355,3421,2884,574,0,177,19,0,19,26,2020-03-17,15:00:00,March,2020
3/5/2020 4:00:00 PM +08:00,3/6/2020 4:00:00 PM +08:00,149795132607,YYH Co.,96,3486,2434,0,0,3418,2424,201,143,108,80,70,0,60,121,0,121,3,2020-03-05,16:00:00,March,2020
6/17/2020 3:00:00 PM +08:00,6/18/2020 3:00:00 PM +08:00,149795132607,YYH Co.,109,4182,3090,0,0,4116,3085,210,159,112,90,67,0,49,17,0,17,10,2020-06-17,15:00:00,June,2020
1/29/2020 4:00:00 PM +08:00,1/30/2020 4:00:00 PM +08:00,149795132607,YYH Co.,105,3327,2366,0,0,3263,2357,184,128,84,64,88,0,51,34,0,34,3,2020-01-29,16:00:00,January,2020
8/11/2020 3:00:00 PM +08:00,8/12/2020 3:00:00 PM +08:00,149795132607,YYH Co.,143,4107,2971,0,0,4042,2967,269,184,135,101,89,0,62,6,0,6,5,2020-08-11,15:00:00,August,2020
4/30/2021 3:00:00 PM +08:00,5/1/2021 3:00:00 PM +08:00,149795132607,YYH Co.,108,3537,2447,0,0,3434,2444,318,224,216,160,58,0,68,411,0,411,4,2021-04-30,15:00:00,April,2021
12/13/2020 4:00:00 PM +08:00,12/14/2020 4:00:00 PM +08:00,149795132607,YYH Co.,40,3128,1990,0,0,3074,1985,58,48,26,21,28,0,45,8,0,8,6,2020-12-13,16:00:00,December,2020
11/21/2020 4:00:00 PM +08:00,11/22/2020 4:00:00 PM +08:00,149795132607,YYH Co.,112,5744,2689,0,0,5658,2689,147,111,47,41,85,0,46,9,0,9,11,2020-11-21,16:00:00,November,2020
3/10/2021 4:00:00 PM +08:00,3/11/2021 4:00:00 PM +08:00,149795132607,YYH Co.,91,7074,3197,0,0,7019,3182,210,155,127,95,72,0,72,512,0,512,6,2021-03-10,16:00:00,March,2021
9/15/2020 3:00:00 PM +08:00,9/16/2020 3:00:00 PM +08:00,149795132607,YYH Co.,90,2489,1632,0,0,2407,1623,111,93,31,24,70,0,50,16,0,16,9,2020-09-15,15:00:00,September,2020
10/13/2020 3:00:00 PM +08:00,10/14/2020 3:00:00 PM +08:00,149795132607,YYH Co.,76,2637,1880,0,0,2574,1877,132,83,58,39,50,0,45,42,0,42,1,2020-10-13,15:00:00,October,2020
7/8/2020 3:00:00 PM +08:00,7/9/2020 3:00:00 PM +08:00,149795132607,YYH Co.,84,4911,3607,0,0,4862,3595,191,147,115,93,62,0,53,9,0,9,4,2020-07-08,15:00:00,July,2020
8/26/2020 3:00:00 PM +08:00,8/27/2020 3:00:00 PM +08:00,149795132607,YYH Co.,108,3577,2149,0,0,3480,2141,203,155,112,83,81,0,77,144,0,144,8,2020-08-26,15:00:00,August,2020
9/4/2020 3:00:00 PM +08:00,9/5/2020 3:00:00 PM +08:00,149795132607,YYH Co.,127,3128,1803,0,0,3033,1803,288,185,169,116,78,0,69,10,0,10,7,2020-09-04,15:00:00,September,2020
5/12/2020 3:00:00 PM +08:00,5/13/2020 3:00:00 PM +08:00,149795132607,YYH Co.,154,4539,2929,0,0,4423,2925,274,183,134,91,110,0,80,30,0,30,13,2020-05-12,15:00:00,May,2020
12/16/2020 4:00:00 PM +08:00,12/17/2020 4:00:00 PM +08:00,149795132607,YYH Co.,62,3295,1993,0,0,3233,1982,76,73,24,22,46,0,44,13,0,13,6,2020-12-16,16:00:00,December,2020
10/10/2020 3:00:00 PM +08:00,10/11/2020 3:00:00 PM +08:00,149795132607,YYH Co.,69,3687,2460,0,0,3609,2454,273,220,211,181,54,0,48,406,0,406,5,2020-10-10,15:00:00,October,2020
4/3/2020 3:00:00 PM +08:00,4/4/2020 3:00:00 PM +08:00,149795132607,YYH Co.,338,10494,5669,0,0,10361,5661,874,525,560,401,207,0,121,2266,0,2266,15,2020-04-03,15:00:00,April,2020
3/22/2020 3:00:00 PM +08:00,3/23/2020 3:00:00 PM +08:00,149795132607,YYH Co.,58,3315,2398,0,0,3280,2392,154,119,103,77,35,0,81,186,0,186,7,2020-03-22,15:00:00,March,2020
7/23/2020 3:00:00 PM +08:00,7/24/2020 3:00:00 PM +08:00,149795132607,YYH Co.,83,3736,2304,0,0,3654,2294,143,98,68,52,52,0,61,18,0,18,7,2020-07-23,15:00:00,July,2020
12/11/2020 4:00:00 PM +08:00,12/12/2020 4:00:00 PM +08:00,149795132607,YYH Co.,51,4111,2282,0,0,4057,2270,101,84,58,43,32,0,55,92,0,92,6,2020-12-11,16:00:00,December,2020
2/6/2020 4:00:00 PM +08:00,2/7/2020 4:00:00 PM +08:00,149795132607,YYH Co.,139,5837,2884,0,0,5701,2871,254,164,122,95,103,0,101,115,0,115,5,2020-02-06,16:00:00,February,2020
1/31/2021 4:00:00 PM +08:00,2/1/2021 4:00:00 PM +08:00,149795132607,YYH Co.,119,4335,3504,0,0,4264,3504,261,189,152,100,79,0,56,2,0,2,7,2021-01-31,16:00:00,January,2021
7/30/2020 3:00:00 PM +08:00,7/31/2020 3:00:00 PM +08:00,149795132607,YYH Co.,129,2619,1951,0,0,2552,1935,183,144,65,50,92,0,46,9,0,9,8,2020-07-30,15:00:00,July,2020
3/3/2020 4:00:00 PM +08:00,3/4/2020 4:00:00 PM +08:00,149795132607,YYH Co.,886,15256,12251,0,0,15010,12217,1655,656,789,551,122,0,260,3723,0,3723,15,2020-03-03,16:00:00,March,2020
7/19/2020 3:00:00 PM +08:00,7/20/2020 3:00:00 PM +08:00,149795132607,YYH Co.,69,2589,1887,0,0,2547,1882,204,144,140,100,51,0,43,38,0,38,3,2020-07-19,15:00:00,July,2020
2/18/2021 4:00:00 PM +08:00,2/19/2021 4:00:00 PM +08:00,149795132607,YYH Co.,531,7159,4039,0,0,7080,4039,1061,504,541,402,118,0,57,1423,0,1423,7,2021-02-18,16:00:00,February,2021
4/7/2021 3:00:00 PM +08:00,4/8/2021 3:00:00 PM +08:00,149795132607,YYH Co.,141,7648,3549,0,0,7555,3543,330,205,194,138,100,0,63,467,0,467,3,2021-04-07,15:00:00,April,2021
2/10/2020 4:00:00 PM +08:00,2/11/2020 4:00:00 PM +08:00,149795132607,YYH Co.,71,4269,2839,0,0,4170,2823,129,101,64,55,59,0,68,17,0,17,2,2020-02-10,16:00:00,February,2020
4/23/2020 3:00:00 PM +08:00,4/24/2020 3:00:00 PM +08:00,149795132607,YYH Co.,148,6821,3264,0,0,6706,3255,325,190,185,116,102,0,77,227,0,227,4,2020-04-23,15:00:00,April,2020
9/22/2020 3:00:00 PM +08:00,9/23/2020 3:00:00 PM +08:00,149795132607,YYH Co.,60,2657,1820,0,0,2622,1818,90,78,41,33,35,0,33,8,0,8,10,2020-09-22,15:00:00,September,2020
11/7/2020 4:00:00 PM +08:00,11/8/2020 4:00:00 PM +08:00,149795132607,YYH Co.,320,6271,5426,0,0,6217,5421,406,322,93,71,184,0,43,78,0,78,6,2020-11-07,16:00:00,November,2020
1/2/2020 4:00:00 PM +08:00,1/3/2020 4:00:00 PM +08:00,149795132607,YYH Co.,73,4459,3589,0,0,4392,3578,230,175,162,124,57,0,50,9,0,9,4,2020-01-02,16:00:00,January,2020
4/14/2020 3:00:00 PM +08:00,4/15/2020 3:00:00 PM +08:00,149795132607,YYH Co.,134,5968,3274,0,0,5855,3255,258,186,144,107,82,0,84,106,0,106,18,2020-04-14,15:00:00,April,2020
9/9/2020 3:00:00 PM +08:00,9/10/2020 3:00:00 PM +08:00,149795132607,YYH Co.,2689,13202,9909,0,0,12843,9899,3819,886,1148,760,206,0,323,3507,0,3507,13,2020-09-09,15:00:00,September,2020
4/12/2021 3:00:00 PM +08:00,4/13/2021 3:00:00 PM +08:00,149795132607,YYH Co.,87,14120,6208,0,0,14076,6203,215,160,132,104,73,0,37,64,0,64,2,2021-04-12,15:00:00,April,2021
2/7/2020 4:00:00 PM +08:00,2/8/2020 4:00:00 PM +08:00,149795132607,YYH Co.,93,5322,2609,0,0,5243,2601,171,124,83,67,68,0,52,96,0,96,2,2020-02-07,16:00:00,February,2020
6/6/2020 3:00:00 PM +08:00,6/7/2020 3:00:00 PM +08:00,149795132607,YYH Co.,145,5932,5245,0,0,5806,5243,502,302,362,243,76,0,77,14,0,14,4,2020-06-06,15:00:00,June,2020
2/16/2020 4:00:00 PM +08:00,2/17/2020 4:00:00 PM +08:00,149795132607,YYH Co.,78,3258,2497,0,0,3172,2484,160,118,87,63,58,0,64,186,0,186,3,2020-02-16,16:00:00,February,2020
3/15/2020 3:00:00 PM +08:00,3/16/2020 3:00:00 PM +08:00,149795132607,YYH Co.,93,5478,3968,0,0,5444,3968,385,269,302,206,62,0,31,0,0,0,5,2020-03-15,15:00:00,March,2020
3/9/2020 3:00:00 PM +08:00,3/10/2020 3:00:00 PM +08:00,149795132607,YYH Co.,52,3063,2219,0,0,2976,2210,123,94,76,57,40,0,94,18,0,18,2,2020-03-09,15:00:00,March,2020
9/10/2020 3:00:00 PM +08:00,9/11/2020 3:00:00 PM +08:00,149795132607,YYH Co.,155,4554,2819,0,0,4400,2815,387,245,243,179,88,0,114,433,0,433,9,2020-09-10,15:00:00,September,2020
12/23/2020 4:00:00 PM +08:00,12/24/2020 4:00:00 PM +08:00,149795132607,YYH Co.,33,1747,1221,0,0,1714,1218,35,38,14,12,18,0,22,6,0,6,11,2020-12-23,16:00:00,December,2020
7/17/2020 3:00:00 PM +08:00,7/18/2020 3:00:00 PM +08:00,149795132607,YYH Co.,75,3357,2138,0,0,3281,2132,166,117,100,66,53,0,61,70,0,70,7,2020-07-17,15:00:00,July,2020
4/24/2021 3:00:00 PM +08:00,4/25/2021 3:00:00 PM +08:00,149795132607,YYH Co.,97,3149,2172,0,0,3070,2164,155,113,63,36,62,0,56,93,0,93,3,2021-04-24,15:00:00,April,2021
3/30/2021 3:00:00 PM +08:00,3/31/2021 3:00:00 PM +08:00,149795132607,YYH Co.,519,7928,4408,0,0,7776,4399,1022,563,520,387,174,0,139,1121,0,1121,13,2021-03-30,15:00:00,March,2021
3/1/2020 4:00:00 PM +08:00,3/2/2020 4:00:00 PM +08:00,149795132607,YYH Co.,37,2140,1212,0,0,2057,1203,125,80,91,57,24,0,63,16,0,16,3,2020-03-01,16:00:00,March,2020
4/16/2020 3:00:00 PM +08:00,4/17/2020 3:00:00 PM +08:00,149795132607,YYH Co.,361,8017,4259,0,0,7844,4243,560,363,212,159,182,0,100,37,0,37,8,2020-04-16,15:00:00,April,2020
11/9/2020 4:00:00 PM +08:00,11/10/2020 4:00:00 PM +08:00,149795132607,YYH Co.,106,3294,2627,0,0,3245,2616,199,156,98,68,77,0,37,21,0,21,3,2020-11-09,16:00:00,November,2020
6/20/2020 3:00:00 PM +08:00,6/21/2020 3:00:00 PM +08:00,149795132607,YYH Co.,43,1639,958,0,0,1615,956,87,67,50,42,25,0,26,113,0,113,6,2020-06-20,15:00:00,June,2020
12/9/2020 4:00:00 PM +08:00,12/10/2020 4:00:00 PM +08:00,149795132607,YYH Co.,115,10081,4227,0,0,9957,4203,239,181,144,112,68,0,91,345,0,345,13,2020-12-09,16:00:00,December,2020
3/13/2021 4:00:00 PM +08:00,3/14/2021 4:00:00 PM +08:00,149795132607,YYH Co.,127,4022,2545,0,0,3974,2542,190,137,85,55,61,0,35,55,0,55,19,2021-03-13,16:00:00,March,2021
3/11/2020 3:00:00 PM +08:00,3/12/2020 3:00:00 PM +08:00,149795132607,YYH Co.,63,4782,2765,0,0,4726,2761,310,215,251,190,43,0,61,4,0,4,0,2020-03-11,15:00:00,March,2020
5/20/2020 3:00:00 PM +08:00,5/21/2020 3:00:00 PM +08:00,149795132607,YYH Co.,33,2428,1677,0,0,2380,1668,66,53,38,32,22,0,35,19,0,19,3,2020-05-20,15:00:00,May,2020
7/3/2020 3:00:00 PM +08:00,7/4/2020 3:00:00 PM +08:00,149795132607,YYH Co.,88,2866,1550,0,0,2787,1543,164,123,90,69,58,0,52,6,0,6,10,2020-07-03,15:00:00,July,2020
10/23/2020 3:00:00 PM +08:00,10/24/2020 3:00:00 PM +08:00,149795132607,YYH Co.,204,7906,4655,0,0,7804,4645,810,597,611,473,120,0,84,5,0,5,3,2020-10-23,15:00:00,October,2020
1/10/2021 4:00:00 PM +08:00,1/11/2021 4:00:00 PM +08:00,149795132607,YYH Co.,38,1522,1194,0,0,1477,1187,54,55,27,22,17,0,52,31,0,31,11,2021-01-10,16:00:00,January,2021
8/29/2020 3:00:00 PM +08:00,8/30/2020 3:00:00 PM +08:00,149795132607,YYH Co.,63,2961,2113,0,0,2912,2113,79,77,28,21,38,0,47,19,0,19,7,2020-08-29,15:00:00,August,2020
10/2/2020 3:00:00 PM +08:00,10/3/2020 3:00:00 PM +08:00,149795132607,YYH Co.,135,3456,1990,0,0,3350,1977,261,167,138,96,93,0,86,23,0,23,8,2020-10-02,15:00:00,October,2020
2/5/2021 4:00:00 PM +08:00,2/6/2021 4:00:00 PM +08:00,149795132607,YYH Co.,127,4765,2921,0,0,4695,2921,193,161,86,61,81,0,57,180,0,180,16,2021-02-05,16:00:00,February,2021
7/7/2020 3:00:00 PM +08:00,7/8/2020 3:00:00 PM +08:00,149795132607,YYH Co.,113,6179,4082,0,0,6094,4082,234,170,126,106,76,0,54,10,0,10,4,2020-07-07,15:00:00,July,2020
9/5/2020 3:00:00 PM +08:00,9/6/2020 3:00:00 PM +08:00,149795132607,YYH Co.,86,2527,1828,0,0,2446,1813,165,127,92,65,51,0,60,10,0,10,10,2020-09-05,15:00:00,September,2020
10/24/2020 3:00:00 PM +08:00,10/25/2020 3:00:00 PM +08:00,149795132607,YYH Co.,94,4739,3355,0,0,4666,3355,326,236,238,185,71,0,58,11,0,11,4,2020-10-24,15:00:00,October,2020
1/31/2020 4:00:00 PM +08:00,2/1/2020 4:00:00 PM +08:00,149795132607,YYH Co.,142,3949,3113,0,0,3875,3113,340,230,203,149,98,0,48,8,0,8,4,2020-01-31,16:00:00,January,2020
9/12/2020 3:00:00 PM +08:00,9/13/2020 3:00:00 PM +08:00,149795132607,YYH Co.,44,1110,713,0,0,1071,704,60,52,25,20,18,0,38,61,0,61,9,2020-09-12,15:00:00,September,2020
5/14/2020 3:00:00 PM +08:00,5/15/2020 3:00:00 PM +08:00,149795132607,YYH Co.,51,4293,2222,0,0,4228,2222,99,75,56,47,33,0,52,12,0,12,5,2020-05-14,15:00:00,May,2020
11/18/2020 4:00:00 PM +08:00,11/19/2020 4:00:00 PM +08:00,149795132607,YYH Co.,68,3431,2450,0,0,3377,2437,119,100,56,40,50,0,39,11,0,11,4,2020-11-18,16:00:00,November,2020
5/13/2021 3:00:00 PM +08:00,5/14/2021 3:00:00 PM +08:00,149795132607,YYH Co.,657,4500,2937,0,0,4426,2917,1019,314,367,264,67,0,48,1134,0,1134,2,2021-05-13,15:00:00,May,2021
6/1/2020 3:00:00 PM +08:00,6/2/2020 3:00:00 PM +08:00,149795132607,YYH Co.,132,6068,5202,0,0,5975,5194,270,194,148,114,88,0,67,21,0,21,5,2020-06-01,15:00:00,June,2020
7/31/2020 3:00:00 PM +08:00,8/1/2020 3:00:00 PM +08:00,149795132607,YYH Co.,138,5900,3381,0,0,5796,3381,324,196,194,140,75,0,76,714,0,714,6,2020-07-31,15:00:00,July,2020
12/10/2020 4:00:00 PM +08:00,12/11/2020 4:00:00 PM +08:00,149795132607,YYH Co.,98,9219,3795,0,0,9123,3776,206,151,128,98,61,0,68,151,0,151,17,2020-12-10,16:00:00,December,2020
5/6/2021 3:00:00 PM +08:00,5/7/2021 3:00:00 PM +08:00,149795132607,YYH Co.,384,4779,2730,0,0,4657,2726,718,355,341,256,113,0,87,848,0,848,4,2021-05-06,15:00:00,May,2021
5/17/2020 3:00:00 PM +08:00,5/18/2020 3:00:00 PM +08:00,149795132607,YYH Co.,14,582,338,0,0,560,334,28,27,20,14,7,0,22,16,0,16,4,2020-05-17,15:00:00,May,2020
5/12/2021 3:00:00 PM +08:00,5/13/2021 3:00:00 PM +08:00,149795132607,YYH Co.,38,2865,1897,0,0,2833,1895,95,74,61,47,18,0,25,136,0,136,1,2021-05-12,15:00:00,May,2021
9/28/2020 3:00:00 PM +08:00,9/29/2020 3:00:00 PM +08:00,149795132607,YYH Co.,161,4737,2707,0,0,4666,2707,263,195,110,89,128,0,58,434,0,434,7,2020-09-28,15:00:00,September,2020
3/13/2020 3:00:00 PM +08:00,3/14/2020 3:00:00 PM +08:00,149795132607,YYH Co.,106,5161,2693,0,0,5072,2689,192,124,90,61,87,0,58,9,0,9,2,2020-03-13,15:00:00,March,2020
4/12/2020 3:00:00 PM +08:00,4/13/2020 3:00:00 PM +08:00,149795132607,YYH Co.,178,6618,3907,0,0,6498,3900,334,234,168,128,0,0,72,290,0,290,10,2020-04-12,15:00:00,April,2020
11/6/2020 4:00:00 PM +08:00,11/7/2020 4:00:00 PM +08:00,149795132607,YYH Co.,225,6006,3402,0,0,5937,3376,313,228,97,72,137,0,70,188,0,188,6,2020-11-06,16:00:00,November,2020
4/29/2021 3:00:00 PM +08:00,4/30/2021 3:00:00 PM +08:00,149795132607,YYH Co.,587,4193,2542,0,0,4092,2542,964,387,381,300,87,0,70,1189,0,1189,2,2021-04-29,15:00:00,April,2021
4/2/2020 3:00:00 PM +08:00,4/3/2020 3:00:00 PM +08:00,149795132607,YYH Co.,156,8815,4714,0,0,8743,4714,454,285,320,226,90,0,65,1192,0,1192,5,2020-04-02,15:00:00,April,2020
5/8/2021 3:00:00 PM +08:00,5/9/2021 3:00:00 PM +08:00,149795132607,YYH Co.,254,7934,5482,0,0,7859,5482,594,460,344,279,177,0,56,2910,0,2910,3,2021-05-08,15:00:00,May,2021
9/11/2020 3:00:00 PM +08:00,9/12/2020 3:00:00 PM +08:00,149795132607,YYH Co.,233,5272,3041,0,0,5168,3032,331,252,110,93,162,0,78,90,0,90,9,2020-09-11,15:00:00,September,2020
6/27/2020 3:00:00 PM +08:00,6/28/2020 3:00:00 PM +08:00,149795132607,YYH Co.,164,3115,2408,0,0,3067,2401,468,296,312,215,107,0,33,7,0,7,5,2020-06-27,15:00:00,June,2020
6/3/2020 3:00:00 PM +08:00,6/4/2020 3:00:00 PM +08:00,149795132607,YYH Co.,28,1593,1295,0,0,1557,1288,114,63,97,46,12,0,29,24,0,24,6,2020-06-03,15:00:00,June,2020
4/25/2020 3:00:00 PM +08:00,4/26/2020 3:00:00 PM +08:00,149795132607,YYH Co.,158,7478,4017,0,0,7370,4017,449,294,302,218,105,0,70,135,0,135,7,2020-04-25,15:00:00,April,2020
8/16/2020 3:00:00 PM +08:00,8/17/2020 3:00:00 PM +08:00,149795132607,YYH Co.,14,382,201,0,0,364,197,12,20,6,6,6,0,27,2,0,2,8,2020-08-16,15:00:00,August,2020
12/27/2020 4:00:00 PM +08:00,12/28/2020 4:00:00 PM +08:00,149795132607,YYH Co.,23,1050,668,0,0,1020,662,22,32,11,10,9,0,38,5,0,5,12,2020-12-27,16:00:00,December,2020
2/14/2021 4:00:00 PM +08:00,2/15/2021 4:00:00 PM +08:00,149795132607,YYH Co.,118,6109,3028,0,0,6031,3028,191,135,78,54,88,0,55,11,0,11,3,2021-02-14,16:00:00,February,2021
2/9/2020 4:00:00 PM +08:00,2/10/2020 4:00:00 PM +08:00,149795132607,YYH Co.,19,750,413,0,0,722,407,30,24,13,12,9,0,27,19,0,19,2,2020-02-09,16:00:00,February,2020
4/13/2020 3:00:00 PM +08:00,4/14/2020 3:00:00 PM +08:00,149795132607,YYH Co.,100,4149,3103,0,0,4097,3085,193,142,99,77,1,0,48,148,0,148,4,2020-04-13,15:00:00,April,2020
6/28/2020 3:00:00 PM +08:00,6/29/2020 3:00:00 PM +08:00,149795132607,YYH Co.,79,3887,2859,0,0,3799,2851,149,123,81,68,58,0,48,11,0,11,6,2020-06-28,15:00:00,June,2020
9/25/2020 3:00:00 PM +08:00,9/26/2020 3:00:00 PM +08:00,149795132607,YYH Co.,71,4004,2228,0,0,3968,2225,112,99,55,47,48,0,55,32,0,32,12,2020-09-25,15:00:00,September,2020
4/20/2020 3:00:00 PM +08:00,4/21/2020 3:00:00 PM +08:00,149795132607,YYH Co.,81,3672,2580,0,0,3598,2573,167,113,93,70,56,0,54,26,0,26,4,2020-04-20,15:00:00,April,2020
8/2/2020 3:00:00 PM +08:00,8/3/2020 3:00:00 PM +08:00,149795132607,YYH Co.,89,3250,2369,0,0,3162,2363,176,130,98,75,64,0,68,35,0,35,10,2020-08-02,15:00:00,August,2020
1/18/2021 4:00:00 PM +08:00,1/19/2021 4:00:00 PM +08:00,149795132607,YYH Co.,143,4072,2264,0,0,3998,2264,187,131,56,41,97,0,41,7,0,7,8,2021-01-18,16:00:00,January,2021
2/25/2021 4:00:00 PM +08:00,2/26/2021 4:00:00 PM +08:00,149795132607,YYH Co.,77,2881,2036,0,0,2836,2033,111,97,50,36,46,0,28,6,0,6,14,2021-02-25,16:00:00,February,2021
5/3/2020 3:00:00 PM +08:00,5/4/2020 3:00:00 PM +08:00,149795132607,YYH Co.,54,1785,1141,0,0,1707,1127,124,85,79,53,30,0,53,119,0,119,9,2020-05-03,15:00:00,May,2020
2/16/2021 4:00:00 PM +08:00,2/17/2021 4:00:00 PM +08:00,149795132607,YYH Co.,88,2982,2199,0,0,2941,2190,107,99,28,23,65,0,38,2,0,2,8,2021-02-16,16:00:00,February,2021
6/4/2020 3:00:00 PM +08:00,6/5/2020 3:00:00 PM +08:00,149795132607,YYH Co.,21,778,650,0,0,739,636,28,31,17,13,9,0,40,30,0,30,9,2020-06-04,15:00:00,June,2020
2/1/2020 4:00:00 PM +08:00,2/2/2020 4:00:00 PM +08:00,149795132607,YYH Co.,75,3282,2441,0,0,3180,2434,200,129,129,91,55,0,63,18,0,18,3,2020-02-01,16:00:00,February,2020
4/27/2021 3:00:00 PM +08:00,4/28/2021 3:00:00 PM +08:00,149795132607,YYH Co.,399,3620,2267,0,0,3543,2267,707,310,314,252,55,0,53,831,0,831,3,2021-04-27,15:00:00,April,2021
3/27/2020 3:00:00 PM +08:00,3/28/2020 3:00:00 PM +08:00,149795132607,YYH Co.,151,7368,3815,0,0,7318,3815,403,243,269,187,87,0,80,9,0,9,5,2020-03-27,15:00:00,March,2020
6/22/2020 3:00:00 PM +08:00,6/23/2020 3:00:00 PM +08:00,149795132607,YYH Co.,92,2995,2184,0,0,2902,2178,133,93,47,35,70,0,53,40,0,40,4,2020-06-22,15:00:00,June,2020
1/5/2021 4:00:00 PM +08:00,1/6/2021 4:00:00 PM +08:00,149795132607,YYH Co.,116,2827,1714,0,0,2675,1702,184,135,82,62,68,0,169,15,0,15,10,2021-01-05,16:00:00,January,2021
4/16/2021 3:00:00 PM +08:00,4/17/2021 3:00:00 PM +08:00,149795132607,YYH Co.,117,4757,2350,0,0,4692,2347,258,180,144,115,73,0,43,393,0,393,1,2021-04-16,15:00:00,April,2021
4/24/2020 3:00:00 PM +08:00,4/25/2020 3:00:00 PM +08:00,149795132607,YYH Co.,173,8230,4032,0,0,8099,4032,562,330,402,271,96,0,87,103,0,103,10,2020-04-24,15:00:00,April,2020
4/14/2021 3:00:00 PM +08:00,4/15/2021 3:00:00 PM +08:00,149795132607,YYH Co.,60,3553,2190,0,0,3485,2190,112,85,58,47,46,0,32,160,0,160,1,2021-04-14,15:00:00,April,2021
5/16/2020 3:00:00 PM +08:00,5/17/2020 3:00:00 PM +08:00,149795132607,YYH Co.,46,1627,943,0,0,1577,937,62,49,24,20,30,0,46,7,0,7,5,2020-05-16,15:00:00,May,2020
3/12/2021 4:00:00 PM +08:00,3/13/2021 4:00:00 PM +08:00,149795132607,YYH Co.,63,3759,2141,0,0,3707,2141,150,98,101,63,28,0,49,147,0,147,13,2021-03-12,16:00:00,March,2021
3/22/2021 3:00:00 PM +08:00,3/23/2021 3:00:00 PM +08:00,149795132607,YYH Co.,107,4496,3014,0,0,4418,3010,171,135,77,57,77,0,46,34,0,34,11,2021-03-22,15:00:00,March,2021
1/1/2020 4:00:00 PM +08:00,1/2/2020 4:00:00 PM +08:00,149795132607,YYH Co.,143,7438,6408,0,0,7403,6408,261,191,131,101,104,0,24,5,0,5,8,2020-01-01,16:00:00,January,2020
3/6/2020 4:00:00 PM +08:00,3/7/2020 4:00:00 PM +08:00,149795132607,YYH Co.,152,5834,2904,0,0,5727,2904,303,188,153,114,108,0,58,86,0,86,2,2020-03-06,16:00:00,March,2020
4/11/2020 3:00:00 PM +08:00,4/12/2020 3:00:00 PM +08:00,149795132607,YYH Co.,92,5924,3235,0,0,5825,3225,213,145,131,91,0,0,67,271,0,271,8,2020-04-11,15:00:00,April,2020
6/25/2020 3:00:00 PM +08:00,6/26/2020 3:00:00 PM +08:00,149795132607,YYH Co.,62,2775,1872,0,0,2716,1862,86,63,29,21,52,0,52,10,0,10,4,2020-06-25,15:00:00,June,2020
8/20/2020 3:00:00 PM +08:00,8/21/2020 3:00:00 PM +08:00,149795132607,YYH Co.,87,2799,1900,0,0,2728,1887,181,132,104,80,60,0,48,3,0,3,9,2020-08-20,15:00:00,August,2020
2/6/2021 4:00:00 PM +08:00,2/7/2021 4:00:00 PM +08:00,149795132607,YYH Co.,59,2556,1813,0,0,2506,1806,114,91,64,47,41,0,58,169,0,169,8,2021-02-06,16:00:00,February,2021
3/24/2021 3:00:00 PM +08:00,3/25/2021 3:00:00 PM +08:00,149795132607,YYH Co.,141,6810,3543,0,0,6723,3527,275,177,146,93,91,0,45,136,0,136,8,2021-03-24,15:00:00,March,2021
3/26/2021 3:00:00 PM +08:00,3/27/2021 3:00:00 PM +08:00,149795132607,YYH Co.,103,4695,2815,0,0,4627,2807,238,167,143,107,67,0,55,506,0,506,6,2021-03-26,15:00:00,March,2021
5/14/2021 3:00:00 PM +08:00,5/15/2021 3:00:00 PM +08:00,149795132607,YYH Co.,204,6940,4588,0,0,6862,4582,374,268,174,142,122,0,46,626,0,626,0,2021-05-14,15:00:00,May,2021
3/21/2020 3:00:00 PM +08:00,3/22/2020 3:00:00 PM +08:00,149795132607,YYH Co.,82,2998,1998,0,0,2976,1998,227,170,161,125,49,0,49,621,0,621,10,2020-03-21,15:00:00,March,2020
11/11/2020 4:00:00 PM +08:00,11/12/2020 4:00:00 PM +08:00,149795132607,YYH Co.,225,5716,3428,0,0,5648,3423,246,200,32,28,169,0,59,13,0,13,6,2020-11-11,16:00:00,November,2020
9/6/2020 3:00:00 PM +08:00,9/7/2020 3:00:00 PM +08:00,149795132607,YYH Co.,118,3214,2149,0,0,3147,2144,229,155,121,86,85,0,48,13,0,13,9,2020-09-06,15:00:00,September,2020
12/19/2020 4:00:00 PM +08:00,12/20/2020 4:00:00 PM +08:00,149795132607,YYH Co.,13,1853,1194,0,0,1833,1191,15,22,10,9,4,0,16,3,0,3,5,2020-12-19,16:00:00,December,2020
2/9/2021 4:00:00 PM +08:00,2/10/2021 4:00:00 PM +08:00,149795132607,YYH Co.,117,4065,3028,0,0,4023,3028,147,126,37,30,82,0,34,20,0,20,6,2021-02-09,16:00:00,February,2021
8/12/2020 3:00:00 PM +08:00,8/13/2020 3:00:00 PM +08:00,149795132607,YYH Co.,155,3588,2792,0,0,3530,2792,279,180,133,90,89,0,56,3,0,3,8,2020-08-12,15:00:00,August,2020
8/28/2020 3:00:00 PM +08:00,8/29/2020 3:00:00 PM +08:00,149795132607,YYH Co.,48,2145,1487,0,0,2079,1483,84,73,48,34,33,0,38,13,0,13,11,2020-08-28,15:00:00,August,2020
8/18/2020 3:00:00 PM +08:00,8/19/2020 3:00:00 PM +08:00,149795132607,YYH Co.,161,4883,2480,0,0,4796,2477,297,203,148,113,126,0,65,13,0,13,8,2020-08-18,15:00:00,August,2020
5/1/2021 3:00:00 PM +08:00,5/2/2021 3:00:00 PM +08:00,149795132607,YYH Co.,81,2879,2030,0,0,2827,2027,206,149,127,91,62,0,37,122,0,122,1,2021-05-01,15:00:00,May,2021
11/3/2020 4:00:00 PM +08:00,11/4/2020 4:00:00 PM +08:00,149795132607,YYH Co.,105,5084,2792,0,0,4973,2765,176,139,86,61,59,0,151,63,0,63,12,2020-11-03,16:00:00,November,2020
1/10/2020 4:00:00 PM +08:00,1/11/2020 4:00:00 PM +08:00,149795132607,YYH Co.,35,1316,893,0,0,1273,886,71,59,44,32,21,0,42,60,0,60,6,2020-01-10,16:00:00,January,2020
2/15/2021 4:00:00 PM +08:00,2/16/2021 4:00:00 PM +08:00,149795132607,YYH Co.,87,3700,2542,0,0,3651,2542,126,94,48,33,59,0,42,7,0,7,8,2021-02-15,16:00:00,February,2021
2/24/2021 4:00:00 PM +08:00,2/25/2021 4:00:00 PM +08:00,149795132607,YYH Co.,119,4865,3036,0,0,4815,3032,356,202,242,147,57,0,43,14,0,14,4,2021-02-24,16:00:00,February,2021
3/20/2020 3:00:00 PM +08:00,3/21/2020 3:00:00 PM +08:00,149795132607,YYH Co.,433,13991,7417,0,0,13887,7409,1076,597,660,469,197,0,114,3273,0,3273,10,2020-03-20,15:00:00,March,2020
3/25/2020 3:00:00 PM +08:00,3/26/2020 3:00:00 PM +08:00,149795132607,YYH Co.,225,9290,4935,0,0,9247,4935,513,350,314,229,147,0,76,15,0,15,13,2020-03-25,15:00:00,March,2020
6/10/2020 3:00:00 PM +08:00,6/11/2020 3:00:00 PM +08:00,149795132607,YYH Co.,124,6613,3294,0,0,6473,3284,416,226,301,181,86,0,103,711,0,711,8,2020-06-10,15:00:00,June,2020
3/4/2020 4:00:00 PM +08:00,3/5/2020 4:00:00 PM +08:00,149795132607,YYH Co.,179,7777,4053,0,0,7612,4046,593,320,420,261,106,0,127,695,0,695,1,2020-03-04,16:00:00,March,2020
8/25/2020 3:00:00 PM +08:00,8/26/2020 3:00:00 PM +08:00,149795132607,YYH Co.,119,5453,3274,0,0,5337,3259,267,213,158,128,80,0,83,846,0,846,7,2020-08-25,15:00:00,August,2020
5/30/2020 3:00:00 PM +08:00,5/31/2020 3:00:00 PM +08:00,149795132607,YYH Co.,41,1329,1071,0,0,1291,1063,85,72,56,47,21,0,32,13,0,13,9,2020-05-30,15:00:00,May,2020
11/16/2020 4:00:00 PM +08:00,11/17/2020 4:00:00 PM +08:00,149795132607,YYH Co.,134,3790,2896,0,0,3730,2892,196,160,73,55,88,0,40,14,0,14,10,2020-11-16,16:00:00,November,2020
2/22/2021 4:00:00 PM +08:00,2/23/2021 4:00:00 PM +08:00,149795132607,YYH Co.,89,3103,2237,0,0,3073,2225,129,110,51,36,60,0,32,29,0,29,9,2021-02-22,16:00:00,February,2021
4/18/2021 3:00:00 PM +08:00,4/19/2021 3:00:00 PM +08:00,149795132607,YYH Co.,24,1331,834,0,0,1296,831,71,42,49,25,14,0,24,89,0,89,2,2021-04-18,15:00:00,April,2021
4/15/2020 3:00:00 PM +08:00,4/16/2020 3:00:00 PM +08:00,149795132607,YYH Co.,129,5974,3245,0,0,5895,3240,279,160,158,99,83,0,60,71,0,71,4,2020-04-15,15:00:00,April,2020
10/12/2020 3:00:00 PM +08:00,10/13/2020 3:00:00 PM +08:00,149795132607,YYH Co.,59,3173,2110,0,0,3113,2104,132,92,76,44,49,0,46,35,0,35,2,2020-10-12,15:00:00,October,2020
7/10/2020 3:00:00 PM +08:00,7/11/2020 3:00:00 PM +08:00,149795132607,YYH Co.,159,6398,3601,0,0,6271,3595,358,236,206,147,104,0,81,9,0,9,4,2020-07-10,15:00:00,July,2020
5/27/2020 3:00:00 PM +08:00,5/28/2020 3:00:00 PM +08:00,149795132607,YYH Co.,334,8711,5125,0,0,8493,4957,796,507,478,366,225,0,141,19,0,19,10,2020-05-27,15:00:00,May,2020
11/13/2020 4:00:00 PM +08:00,11/14/2020 4:00:00 PM +08:00,149795132607,YYH Co.,372,8358,5277,0,0,8271,5275,507,333,148,106,235,0,59,9,0,9,11,2020-11-13,16:00:00,November,2020
1/11/2021 4:00:00 PM +08:00,1/12/2021 4:00:00 PM +08:00,149795132607,YYH Co.,158,5090,3532,0,0,4982,3527,210,175,66,54,98,0,66,14,0,14,10,2021-01-11,16:00:00,January,2021
5/29/2020 3:00:00 PM +08:00,5/30/2020 3:00:00 PM +08:00,149795132607,YYH Co.,66,4466,3340,0,0,4372,3340,149,113,99,74,41,0,70,14,0,14,9,2020-05-29,15:00:00,May,2020
2/4/2021 4:00:00 PM +08:00,2/5/2021 4:00:00 PM +08:00,149795132607,YYH Co.,147,6966,5513,0,0,6899,5513,230,183,95,72,95,0,61,982,0,982,11,2021-02-04,16:00:00,February,2021
5/9/2020 3:00:00 PM +08:00,5/10/2020 3:00:00 PM +08:00,149795132607,YYH Co.,76,3278,2147,0,0,3215,2138,119,98,51,44,51,0,64,56,0,56,5,2020-05-09,15:00:00,May,2020
10/25/2020 3:00:00 PM +08:00,10/26/2020 3:00:00 PM +08:00,149795132607,YYH Co.,68,3796,2796,0,0,3759,2792,192,142,131,91,47,0,29,0,0,0,6,2020-10-25,15:00:00,October,2020
1/9/2020 4:00:00 PM +08:00,1/10/2020 4:00:00 PM +08:00,149795132607,YYH Co.,104,4991,2904,0,0,4875,2892,226,147,129,89,76,0,85,99,0,99,4,2020-01-09,16:00:00,January,2020
2/22/2020 4:00:00 PM +08:00,2/23/2020 4:00:00 PM +08:00,149795132607,YYH Co.,35,1265,800,0,0,1244,795,63,42,34,23,25,0,25,16,0,16,4,2020-02-22,16:00:00,February,2020
2/11/2021 4:00:00 PM +08:00,2/12/2021 4:00:00 PM +08:00,149795132607,YYH Co.,74,3679,2304,0,0,3607,2298,87,81,23,20,50,0,61,17,0,17,6,2021-02-11,16:00:00,February,2021
4/28/2020 3:00:00 PM +08:00,4/29/2020 3:00:00 PM +08:00,149795132607,YYH Co.,194,9209,4626,0,0,9060,4626,433,309,253,217,129,0,97,16,0,16,9,2020-04-28,15:00:00,April,2020
11/20/2020 4:00:00 PM +08:00,11/21/2020 4:00:00 PM +08:00,149795132607,YYH Co.,68,7494,3455,0,0,7385,3444,122,102,63,49,50,0,69,12,0,12,6,2020-11-20,16:00:00,November,2020
2/29/2020 4:00:00 PM +08:00,3/1/2020 4:00:00 PM +08:00,149795132607,YYH Co.,117,5391,2888,0,0,5280,2880,297,192,187,140,86,0,65,15,0,15,5,2020-02-29,16:00:00,February,2020
10/1/2020 3:00:00 PM +08:00,10/2/2020 3:00:00 PM +08:00,149795132607,YYH Co.,140,4630,2484,0,0,4528,2477,390,248,263,184,92,0,88,29,0,29,10,2020-10-01,15:00:00,October,2020
1/12/2021 4:00:00 PM +08:00,1/13/2021 4:00:00 PM +08:00,149795132607,YYH Co.,233,6924,3821,0,0,6813,3808,411,279,198,145,131,0,76,13,0,13,17,2021-01-12,16:00:00,January,2021
5/5/2020 3:00:00 PM +08:00,5/6/2020 3:00:00 PM +08:00,149795132607,YYH Co.,810,8528,4075,0,0,8149,4025,1881,928,1100,832,128,0,317,1979,0,1979,21,2020-05-05,15:00:00,May,2020
4/3/2021 3:00:00 PM +08:00,4/4/2021 3:00:00 PM +08:00,149795132607,YYH Co.,60,3362,2491,0,0,3320,2491,139,103,81,64,50,0,27,121,0,121,2,2021-04-03,15:00:00,April,2021
6/23/2020 3:00:00 PM +08:00,6/24/2020 3:00:00 PM +08:00,149795132607,YYH Co.,294,9843,5514,0,0,9713,5514,735,486,450,340,206,0,93,21,0,21,7,2020-06-23,15:00:00,June,2020
4/13/2021 3:00:00 PM +08:00,4/14/2021 3:00:00 PM +08:00,149795132607,YYH Co.,358,8128,4597,0,0,8064,4588,708,354,355,292,96,0,39,1011,0,1011,2,2021-04-13,15:00:00,April,2021
5/11/2021 3:00:00 PM +08:00,5/12/2021 3:00:00 PM +08:00,149795132607,YYH Co.,394,4796,2875,0,0,4734,2871,777,354,387,295,64,0,52,999,0,999,2,2021-05-11,15:00:00,May,2021
8/23/2020 3:00:00 PM +08:00,8/24/2020 3:00:00 PM +08:00,149795132607,YYH Co.,40,2796,2421,0,0,2752,2418,96,91,64,55,30,0,35,22,0,22,6,2020-08-23,15:00:00,August,2020
5/10/2021 3:00:00 PM +08:00,5/11/2021 3:00:00 PM +08:00,149795132607,YYH Co.,49,3832,2085,0,0,3769,2082,128,105,83,71,31,0,33,231,0,231,1,2021-05-10,15:00:00,May,2021
6/14/2020 3:00:00 PM +08:00,6/15/2020 3:00:00 PM +08:00,149795132607,YYH Co.,44,3385,2711,0,0,3308,2707,125,100,88,70,34,0,49,35,0,35,5,2020-06-14,15:00:00,June,2020
8/21/2020 3:00:00 PM +08:00,8/22/2020 3:00:00 PM +08:00,149795132607,YYH Co.,45,2123,1524,0,0,2075,1520,87,75,49,41,30,0,38,293,0,293,6,2020-08-21,15:00:00,August,2020
2/23/2021 4:00:00 PM +08:00,2/24/2021 4:00:00 PM +08:00,149795132607,YYH Co.,93,4443,2726,0,0,4414,2723,180,122,98,59,47,0,31,11,0,11,9,2021-02-23,16:00:00,February,2021
3/14/2020 3:00:00 PM +08:00,3/15/2020 3:00:00 PM +08:00,149795132607,YYH Co.,59,2684,1784,0,0,2643,1775,116,78,64,39,38,0,36,8,0,8,5,2020-03-14,15:00:00,March,2020
4/11/2021 3:00:00 PM +08:00,4/12/2021 3:00:00 PM +08:00,149795132607,YYH Co.,141,5025,2946,0,0,4986,2942,214,163,80,65,94,0,34,109,0,109,4,2021-04-11,15:00:00,April,2021
4/10/2020 3:00:00 PM +08:00,4/11/2020 3:00:00 PM +08:00,149795132607,YYH Co.,118,6820,3757,0,0,6706,3751,349,236,242,174,0,0,86,445,0,445,8,2020-04-10,15:00:00,April,2020
4/21/2020 3:00:00 PM +08:00,4/22/2020 3:00:00 PM +08:00,149795132607,YYH Co.,123,6707,2788,0,0,6595,2780,293,199,182,133,91,0,82,19,0,19,8,2020-04-21,15:00:00,April,2020
5/24/2020 3:00:00 PM +08:00,5/25/2020 3:00:00 PM +08:00,149795132607,YYH Co.,18,686,369,0,0,656,366,15,20,6,4,7,0,34,11,0,11,8,2020-05-24,15:00:00,May,2020
6/21/2020 3:00:00 PM +08:00,6/22/2020 3:00:00 PM +08:00,149795132607,YYH Co.,17,839,512,0,0,808,503,40,37,29,23,9,0,41,46,0,46,4,2020-06-21,15:00:00,June,2020
6/26/2020 3:00:00 PM +08:00,6/27/2020 3:00:00 PM +08:00,149795132607,YYH Co.,234,6660,4165,0,0,6582,4165,711,418,486,309,162,0,62,6,0,6,7,2020-06-26,15:00:00,June,2020
11/10/2020 4:00:00 PM +08:00,11/11/2020 4:00:00 PM +08:00,149795132607,YYH Co.,63,2954,2350,0,0,2904,2335,75,76,30,22,38,0,34,17,0,17,16,2020-11-10,16:00:00,November,2020
3/31/2021 3:00:00 PM +08:00,4/1/2021 3:00:00 PM +08:00,149795132607,YYH Co.,182,8383,6418,0,0,8281,6418,326,241,153,118,133,0,90,176,0,176,8,2021-03-31,15:00:00,March,2021
4/22/2021 3:00:00 PM +08:00,4/23/2021 3:00:00 PM +08:00,149795132607,YYH Co.,517,4957,2980,0,0,4867,2980,850,321,338,258,77,0,66,1068,0,1068,1,2021-04-22,15:00:00,April,2021
5/7/2020 3:00:00 PM +08:00,5/8/2020 3:00:00 PM +08:00,149795132607,YYH Co.,68,3744,1882,0,0,3640,1870,139,108,84,64,47,0,79,92,0,92,11,2020-05-07,15:00:00,May,2020
3/21/2021 3:00:00 PM +08:00,3/22/2021 3:00:00 PM +08:00,149795132607,YYH Co.,82,4364,2959,0,0,4264,2942,128,120,68,52,48,0,65,35,0,35,21,2021-03-21,15:00:00,March,2021
8/5/2020 3:00:00 PM +08:00,8/6/2020 3:00:00 PM +08:00,149795132607,YYH Co.,86,4053,2663,0,0,3968,2645,190,142,114,90,57,0,89,324,0,324,8,2020-08-05,15:00:00,August,2020
5/31/2020 3:00:00 PM +08:00,6/1/2020 3:00:00 PM +08:00,149795132607,YYH Co.,65,6290,5924,0,0,6237,5916,186,101,127,67,41,0,43,10,0,10,4,2020-05-31,15:00:00,May,2020
1/12/2020 4:00:00 PM +08:00,1/13/2020 4:00:00 PM +08:00,149795132607,YYH Co.,65,2476,2127,0,0,2407,2124,108,90,51,47,44,0,37,14,0,14,5,2020-01-12,16:00:00,January,2020
8/22/2020 3:00:00 PM +08:00,8/23/2020 3:00:00 PM +08:00,149795132607,YYH Co.,48,2802,2113,0,0,2749,2101,252,198,211,177,29,0,36,56,0,56,6,2020-08-22,15:00:00,August,2020
8/27/2020 3:00:00 PM +08:00,8/28/2020 3:00:00 PM +08:00,149795132607,YYH Co.,81,2658,1571,0,0,2574,1562,109,91,41,36,54,0,53,31,0,31,11,2020-08-27,15:00:00,August,2020
1/2/2021 4:00:00 PM +08:00,1/3/2021 4:00:00 PM +08:00,149795132607,YYH Co.,72,2144,1476,0,0,2057,1472,115,100,60,48,34,0,58,12,0,12,14,2021-01-02,16:00:00,January,2021
2/3/2021 4:00:00 PM +08:00,2/4/2021 4:00:00 PM +08:00,149795132607,YYH Co.,127,6853,4980,0,0,6769,4980,233,184,121,96,87,0,67,927,0,927,12,2021-02-03,16:00:00,February,2021
1/29/2021 4:00:00 PM +08:00,1/30/2021 4:00:00 PM +08:00,149795132607,YYH Co.,170,6689,4196,0,0,6585,4188,431,273,268,183,96,0,58,3,0,3,6,2021-01-29,16:00:00,January,2021
2/15/2020 4:00:00 PM +08:00,2/16/2020 4:00:00 PM +08:00,149795132607,YYH Co.,58,2551,1845,0,0,2486,1830,217,142,169,116,30,0,59,472,0,472,8,2020-02-15,16:00:00,February,2020
11/22/2020 4:00:00 PM +08:00,11/23/2020 4:00:00 PM +08:00,149795132607,YYH Co.,72,3890,2164,0,0,3819,2158,125,99,62,51,57,0,47,13,0,13,8,2020-11-22,16:00:00,November,2020
12/22/2020 4:00:00 PM +08:00,12/23/2020 4:00:00 PM +08:00,149795132607,YYH Co.,40,2298,1543,0,0,2240,1528,45,43,13,12,24,0,34,2,0,2,5,2020-12-22,16:00:00,December,2020
4/1/2020 3:00:00 PM +08:00,4/2/2020 3:00:00 PM +08:00,149795132607,YYH Co.,577,12296,7383,0,0,12184,7382,1240,559,674,466,189,0,86,2276,0,2276,4,2020-04-01,15:00:00,April,2020
5/18/2020 3:00:00 PM +08:00,5/19/2020 3:00:00 PM +08:00,149795132607,YYH Co.,56,2739,1664,0,0,2691,1657,82,62,38,30,31,0,38,19,0,19,9,2020-05-18,15:00:00,May,2020
12/18/2020 4:00:00 PM +08:00,12/19/2020 4:00:00 PM +08:00,149795132607,YYH Co.,43,2616,1661,0,0,2586,1657,67,54,27,24,38,0,38,2,0,2,3,2020-12-18,16:00:00,December,2020
10/8/2020 3:00:00 PM +08:00,10/9/2020 3:00:00 PM +08:00,149795132607,YYH Co.,125,4560,2470,0,0,4492,2467,251,171,135,98,93,0,48,103,0,103,7,2020-10-08,15:00:00,October,2020
10/18/2020 3:00:00 PM +08:00,10/19/2020 3:00:00 PM +08:00,149795132607,YYH Co.,145,5283,2788,0,0,5183,2788,224,184,91,78,104,0,55,31,0,31,10,2020-10-18,15:00:00,October,2020
4/17/2020 3:00:00 PM +08:00,4/18/2020 3:00:00 PM +08:00,149795132607,YYH Co.,133,4521,2859,0,0,4385,2851,212,166,96,75,67,0,108,30,0,30,11,2020-04-17,15:00:00,April,2020
12/25/2020 4:00:00 PM +08:00,12/26/2020 4:00:00 PM +08:00,149795132607,YYH Co.,96,2356,1815,0,0,2323,1815,103,97,16,13,74,0,25,4,0,4,8,2020-12-25,16:00:00,December,2020
6/12/2020 3:00:00 PM +08:00,6/13/2020 3:00:00 PM +08:00,149795132607,YYH Co.,67,3440,2335,0,0,3377,2328,156,94,95,62,46,0,52,128,0,128,4,2020-06-12,15:00:00,June,2020
6/7/2020 3:00:00 PM +08:00,6/8/2020 3:00:00 PM +08:00,149795132607,YYH Co.,126,4126,3319,0,0,4033,3304,308,202,189,135,80,0,63,14,0,14,5,2020-06-07,15:00:00,June,2020
3/12/2020 3:00:00 PM +08:00,3/13/2020 3:00:00 PM +08:00,149795132607,YYH Co.,79,6226,3058,0,0,6155,3058,265,166,196,129,56,0,53,3,0,3,6,2020-03-12,15:00:00,March,2020
4/9/2020 3:00:00 PM +08:00,4/10/2020 3:00:00 PM +08:00,149795132607,YYH Co.,170,9716,5313,0,0,9614,5298,723,480,565,415,0,0,104,1787,0,1787,8,2020-04-09,15:00:00,April,2020
7/21/2020 3:00:00 PM +08:00,7/22/2020 3:00:00 PM +08:00,149795132607,YYH Co.,72,2965,2132,0,0,2890,2124,115,98,55,44,50,0,58,14,0,14,10,2020-07-21,15:00:00,July,2020
10/17/2020 3:00:00 PM +08:00,10/18/2020 3:00:00 PM +08:00,149795132607,YYH Co.,44,2643,2060,0,0,2589,2057,188,144,148,118,32,0,50,90,0,90,2,2020-10-17,15:00:00,October,2020
2/8/2021 4:00:00 PM +08:00,2/9/2021 4:00:00 PM +08:00,149795132607,YYH Co.,75,4482,3618,0,0,4416,3601,108,102,41,36,54,0,46,356,0,356,5,2021-02-08,16:00:00,February,2021
4/4/2021 3:00:00 PM +08:00,4/5/2021 3:00:00 PM +08:00,149795132607,YYH Co.,93,3270,2395,0,0,3225,2392,139,106,48,33,69,0,35,76,0,76,1,2021-04-04,15:00:00,April,2021
1/11/2020 4:00:00 PM +08:00,1/12/2020 4:00:00 PM +08:00,149795132607,YYH Co.,14,536,369,0,0,504,362,21,23,12,9,8,0,47,26,0,26,5,2020-01-11,16:00:00,January,2020
6/16/2020 3:00:00 PM +08:00,6/17/2020 3:00:00 PM +08:00,149795132607,YYH Co.,99,4513,2598,0,0,4425,2598,229,167,138,106,79,0,59,13,0,13,7,2020-06-16,15:00:00,June,2020
8/19/2020 3:00:00 PM +08:00,8/20/2020 3:00:00 PM +08:00,149795132607,YYH Co.,134,4388,2418,0,0,4307,2414,361,205,237,160,71,0,66,4,0,4,8,2020-08-19,15:00:00,August,2020
12/31/2020 4:00:00 PM +08:00,1/1/2021 4:00:00 PM +08:00,149795132607,YYH Co.,49,1584,1161,0,0,1536,1155,60,48,19,13,31,0,44,5,0,5,6,2020-12-31,16:00:00,December,2020
12/29/2020 4:00:00 PM +08:00,12/30/2020 4:00:00 PM +08:00,149795132607,YYH Co.,62,2678,1782,0,0,2595,1782,106,83,56,36,40,0,59,11,0,11,9,2020-12-29,16:00:00,December,2020
4/28/2021 3:00:00 PM +08:00,4/29/2021 3:00:00 PM +08:00,149795132607,YYH Co.,70,3264,1811,0,0,3214,1811,121,90,57,43,57,0,30,109,0,109,4,2021-04-28,15:00:00,April,2021
7/2/2020 3:00:00 PM +08:00,7/3/2020 3:00:00 PM +08:00,149795132607,YYH Co.,122,4848,2819,0,0,4769,2819,298,181,182,117,78,0,49,12,0,12,4,2020-07-02,15:00:00,July,2020
3/30/2020 3:00:00 PM +08:00,3/31/2020 3:00:00 PM +08:00,149795132607,YYH Co.,184,6015,3444,0,0,5986,3439,295,175,122,90,144,0,54,8,0,8,5,2020-03-30,15:00:00,March,2020
7/1/2020 3:00:00 PM +08:00,7/2/2020 3:00:00 PM +08:00,149795132607,YYH Co.,255,9537,4664,0,0,9388,4664,787,424,547,316,159,0,102,10,0,10,5,2020-07-01,15:00:00,July,2020
2/13/2020 4:00:00 PM +08:00,2/14/2020 4:00:00 PM +08:00,149795132607,YYH Co.,115,4508,2518,0,0,4426,2511,156,104,48,38,92,0,68,57,0,57,5,2020-02-13,16:00:00,February,2020
3/29/2020 3:00:00 PM +08:00,3/30/2020 3:00:00 PM +08:00,149795132607,YYH Co.,240,7775,5737,0,0,7749,5737,478,320,252,196,134,0,58,2,0,2,7,2020-03-29,15:00:00,March,2020
10/28/2020 3:00:00 PM +08:00,10/29/2020 3:00:00 PM +08:00,149795132607,YYH Co.,104,4942,3113,0,0,4896,3108,174,126,78,58,64,0,33,9,0,9,4,2020-10-28,15:00:00,October,2020
8/24/2020 3:00:00 PM +08:00,8/25/2020 3:00:00 PM +08:00,149795132607,YYH Co.,58,2233,1823,0,0,2172,1823,98,92,47,40,38,0,43,8,0,8,4,2020-08-24,15:00:00,August,2020
4/6/2020 3:00:00 PM +08:00,4/7/2020 3:00:00 PM +08:00,149795132607,YYH Co.,247,9856,5853,0,0,9481,5795,773,457,553,348,139,0,512,361,0,361,22,2020-04-06,15:00:00,April,2020
8/15/2020 3:00:00 PM +08:00,8/16/2020 3:00:00 PM +08:00,149795132607,YYH Co.,25,602,502,0,0,588,497,56,48,39,27,11,0,28,7,0,7,7,2020-08-15,15:00:00,August,2020
2/19/2021 4:00:00 PM +08:00,2/20/2021 4:00:00 PM +08:00,149795132607,YYH Co.,132,5017,2648,0,0,4973,2641,244,178,124,100,83,0,46,308,0,308,11,2021-02-19,16:00:00,February,2021
11/12/2020 4:00:00 PM +08:00,11/13/2020 4:00:00 PM +08:00,149795132607,YYH Co.,145,4904,2627,0,0,4828,2612,196,167,64,56,107,0,68,15,0,15,8,2020-11-12,16:00:00,November,2020
2/13/2021 4:00:00 PM +08:00,2/14/2021 4:00:00 PM +08:00,149795132607,YYH Co.,93,6947,5648,0,0,6889,5648,150,125,73,57,59,0,40,7,0,7,14,2021-02-13,16:00:00,February,2021
4/10/2021 3:00:00 PM +08:00,4/11/2021 3:00:00 PM +08:00,149795132607,YYH Co.,26,1555,854,0,0,1510,847,73,52,51,35,16,0,32,157,0,157,3,2021-04-10,15:00:00,April,2021
3/23/2020 3:00:00 PM +08:00,3/24/2020 3:00:00 PM +08:00,149795132607,YYH Co.,108,5164,2871,0,0,5137,2867,206,133,105,74,82,0,83,117,0,117,4,2020-03-23,15:00:00,March,2020
4/29/2020 3:00:00 PM +08:00,4/30/2020 3:00:00 PM +08:00,149795132607,YYH Co.,116,5661,2670,0,0,5561,2667,269,155,165,105,90,0,75,17,0,17,9,2020-04-29,15:00:00,April,2020
8/9/2020 3:00:00 PM +08:00,8/10/2020 3:00:00 PM +08:00,149795132607,YYH Co.,730,12236,10319,0,0,12172,10302,1027,772,308,245,409,0,49,30,0,30,9,2020-08-09,15:00:00,August,2020
5/2/2021 3:00:00 PM +08:00,5/3/2021 3:00:00 PM +08:00,149795132607,YYH Co.,104,3003,2071,0,0,2933,2068,184,119,83,67,77,0,37,74,0,74,1,2021-05-02,15:00:00,May,2021
5/25/2020 3:00:00 PM +08:00,5/26/2020 3:00:00 PM +08:00,149795132607,YYH Co.,861,18964,13800,0,0,18824,13776,2054,1386,1210,979,638,0,86,14,0,14,16,2020-05-25,15:00:00,May,2020
4/26/2021 3:00:00 PM +08:00,4/27/2021 3:00:00 PM +08:00,149795132607,YYH Co.,58,2220,1606,0,0,2184,1601,88,70,35,25,39,0,29,36,0,36,1,2021-04-26,15:00:00,April,2021
5/23/2020 3:00:00 PM +08:00,5/24/2020 3:00:00 PM +08:00,149795132607,YYH Co.,33,1405,876,0,0,1379,872,61,52,33,25,23,0,33,12,0,12,5,2020-05-23,15:00:00,May,2020
1/3/2021 4:00:00 PM +08:00,1/4/2021 4:00:00 PM +08:00,149795132607,YYH Co.,116,3471,2144,0,0,3366,2144,200,148,93,70,76,0,94,5,0,5,7,2021-01-03,16:00:00,January,2021
3/28/2021 3:00:00 PM +08:00,3/29/2021 3:00:00 PM +08:00,149795132607,YYH Co.,9,970,584,0,0,948,583,32,24,26,17,5,0,19,100,0,100,3,2021-03-28,15:00:00,March,2021
2/8/2020 4:00:00 PM +08:00,2/9/2020 4:00:00 PM +08:00,149795132607,YYH Co.,67,1852,1001,0,0,1796,996,96,60,37,29,52,0,53,40,0,40,6,2020-02-08,16:00:00,February,2020
2/25/2020 4:00:00 PM +08:00,2/26/2020 4:00:00 PM +08:00,149795132607,YYH Co.,138,5297,3795,0,0,5221,3789,413,310,279,219,109,0,52,9,0,9,3,2020-02-25,16:00:00,February,2020
4/19/2020 3:00:00 PM +08:00,4/20/2020 3:00:00 PM +08:00,149795132607,YYH Co.,44,2482,2011,0,0,2414,2011,80,66,43,30,31,0,64,26,0,26,5,2020-04-19,15:00:00,April,2020
6/13/2020 3:00:00 PM +08:00,6/14/2020 3:00:00 PM +08:00,149795132607,YYH Co.,32,1428,940,0,0,1398,934,71,47,43,33,17,0,33,74,0,74,4,2020-06-13,15:00:00,June,2020
12/20/2020 4:00:00 PM +08:00,12/21/2020 4:00:00 PM +08:00,149795132607,YYH Co.,44,2445,1657,0,0,2403,1652,55,52,15,13,34,0,26,7,0,7,3,2020-12-20,16:00:00,December,2020
2/7/2021 4:00:00 PM +08:00,2/8/2021 4:00:00 PM +08:00,149795132607,YYH Co.,169,8587,5900,0,0,8515,5890,266,203,104,78,127,0,50,238,0,238,6,2021-02-07,16:00:00,February,2021
12/31/2019 4:00:00 PM +08:00,1/1/2020 4:00:00 PM +08:00,149795132607,YYH Co.,149,6312,3572,0,0,6225,3555,378,242,237,167,109,0,51,2,0,2,2,2019-12-31,16:00:00,December,2019
3/16/2020 3:00:00 PM +08:00,3/17/2020 3:00:00 PM +08:00,149795132607,YYH Co.,35,3020,2379,0,0,2973,2376,86,60,53,40,28,0,42,7,0,7,1,2020-03-16,15:00:00,March,2020
3/24/2020 3:00:00 PM +08:00,3/25/2020 3:00:00 PM +08:00,149795132607,YYH Co.,182,10101,3726,0,0,10043,3726,462,290,295,206,122,0,108,72,0,72,5,2020-03-24,15:00:00,March,2020
1/16/2021 4:00:00 PM +08:00,1/17/2021 4:00:00 PM +08:00,149795132607,YYH Co.,44,2053,1211,0,0,2021,1207,89,74,52,47,28,0,42,3,0,3,7,2021-01-16,16:00:00,January,2021
9/18/2020 3:00:00 PM +08:00,9/19/2020 3:00:00 PM +08:00,149795132607,YYH Co.,68,3232,1892,0,0,3148,1882,89,83,32,27,48,0,56,19,0,19,9,2020-09-18,15:00:00,September,2020
4/1/2021 3:00:00 PM +08:00,4/2/2021 3:00:00 PM +08:00,149795132607,YYH Co.,302,5628,3745,0,0,5487,3739,737,441,445,360,72,0,77,1270,0,1270,7,2021-04-01,15:00:00,April,2021
9/21/2020 3:00:00 PM +08:00,9/22/2020 3:00:00 PM +08:00,149795132607,YYH Co.,68,4643,2369,0,0,4597,2369,164,122,104,78,52,0,49,5,0,5,4,2020-09-21,15:00:00,September,2020
3/31/2020 3:00:00 PM +08:00,4/1/2020 3:00:00 PM +08:00,149795132607,YYH Co.,186,6790,3764,0,0,6764,3764,382,241,209,150,113,0,61,11,0,11,6,2020-03-31,15:00:00,March,2020
3/16/2021 3:00:00 PM +08:00,3/17/2021 3:00:00 PM +08:00,149795132607,YYH Co.,155,6849,3289,0,0,6794,3289,324,216,178,124,109,0,30,12,0,12,6,2021-03-16,15:00:00,March,2021
3/26/2020 3:00:00 PM +08:00,3/27/2020 3:00:00 PM +08:00,149795132607,YYH Co.,258,8092,4417,0,0,8046,4417,489,310,243,182,169,0,108,14,0,14,6,2020-03-26,15:00:00,March,2020
3/25/2021 3:00:00 PM +08:00,3/26/2021 3:00:00 PM +08:00,149795132607,YYH Co.,722,7865,4478,0,0,7717,4460,1392,553,681,464,129,0,91,1750,0,1750,9,2021-03-25,15:00:00,March,2021
2/21/2021 4:00:00 PM +08:00,2/22/2021 4:00:00 PM +08:00,149795132607,YYH Co.,39,1717,1048,0,0,1698,1046,39,47,16,14,19,0,18,57,0,57,13,2021-02-21,16:00:00,February,2021
3/27/2021 3:00:00 PM +08:00,3/28/2021 3:00:00 PM +08:00,149795132607,YYH Co.,32,1559,1064,0,0,1532,1058,80,62,51,36,27,0,23,134,0,134,3,2021-03-27,15:00:00,March,2021
2/12/2021 4:00:00 PM +08:00,2/13/2021 4:00:00 PM +08:00,149795132607,YYH Co.,48,2529,2014,0,0,2486,2006,48,54,9,9,36,0,47,4,0,4,8,2021-02-12,16:00:00,February,2021
3/1/2021 4:00:00 PM +08:00,3/2/2021 4:00:00 PM +08:00,149795132607,YYH Co.,35,2142,1847,0,0,2101,1845,62,53,32,24,26,0,43,6,0,6,3,2021-03-01,16:00:00,March,2021
9/3/2020 3:00:00 PM +08:00,9/4/2020 3:00:00 PM +08:00,149795132607,YYH Co.,136,3552,1917,0,0,3469,1907,200,147,77,63,94,0,60,24,0,24,12,2020-09-03,15:00:00,September,2020
5/22/2020 3:00:00 PM +08:00,5/23/2020 3:00:00 PM +08:00,149795132607,YYH Co.,128,5766,2563,0,0,5676,2559,242,150,120,87,94,0,60,23,0,23,4,2020-05-22,15:00:00,May,2020
5/11/2020 3:00:00 PM +08:00,5/12/2020 3:00:00 PM +08:00,149795132607,YYH Co.,295,8456,4785,0,0,8339,4785,517,352,231,194,195,0,70,36,0,36,7,2020-05-11,15:00:00,May,2020
2/19/2020 4:00:00 PM +08:00,2/20/2020 4:00:00 PM +08:00,149795132607,YYH Co.,132,4577,2819,0,0,4508,2819,248,172,130,101,89,0,45,18,0,18,10,2020-02-19,16:00:00,February,2020
7/16/2020 3:00:00 PM +08:00,7/17/2020 3:00:00 PM +08:00,149795132607,YYH Co.,272,9504,4399,0,0,9380,4399,516,347,252,192,192,0,85,144,0,144,5,2020-07-16,15:00:00,July,2020
5/21/2020 3:00:00 PM +08:00,5/22/2020 3:00:00 PM +08:00,149795132607,YYH Co.,170,8061,3618,0,0,7947,3618,341,208,181,128,132,0,79,12,0,12,6,2020-05-21,15:00:00,May,2020
1/30/2020 4:00:00 PM +08:00,1/31/2020 4:00:00 PM +08:00,149795132607,YYH Co.,87,3434,2693,0,0,3364,2689,182,117,98,80,64,1,52,21,0,21,2,2020-01-30,16:00:00,January,2020
3/6/2021 4:00:00 PM +08:00,3/7/2021 4:00:00 PM +08:00,149795132607,YYH Co.,81,3336,2427,0,0,3298,2427,188,139,118,85,47,1,34,32,0,32,8,2021-03-06,16:00:00,March,2021
4/30/2020 3:00:00 PM +08:00,5/1/2020 3:00:00 PM +08:00,149795132607,YYH Co.,108,4058,2525,0,0,3979,2511,202,142,104,78,68,1,65,28,0,28,8,2020-04-30,15:00:00,April,2020
1/9/2021 4:00:00 PM +08:00,1/10/2021 4:00:00 PM +08:00,149795132607,YYH Co.,48,2356,1659,0,0,2299,1659,66,63,28,26,27,1,41,45,0,45,9,2021-01-09,16:00:00,January,2021
8/8/2020 3:00:00 PM +08:00,8/9/2020 3:00:00 PM +08:00,149795132607,YYH Co.,84,4728,3893,0,0,4671,3887,166,139,99,74,54,1,47,36,0,36,12,2020-08-08,15:00:00,August,2020
1/13/2021 4:00:00 PM +08:00,1/14/2021 4:00:00 PM +08:00,149795132607,YYH Co.,88,4265,2279,0,0,4178,2261,182,141,101,82,63,1,52,10,0,10,6,2021-01-13,16:00:00,January,2021
7/28/2020 3:00:00 PM +08:00,7/29/2020 3:00:00 PM +08:00,149795132607,YYH Co.,79,5033,2347,0,0,4915,2338,261,190,190,147,57,1,79,16,0,16,6,2020-07-28,15:00:00,July,2020
10/26/2020 3:00:00 PM +08:00,10/27/2020 3:00:00 PM +08:00,149795132607,YYH Co.,118,7466,5151,0,0,7393,5151,265,203,158,120,77,1,59,13,0,13,6,2020-10-26,15:00:00,October,2020
7/4/2020 3:00:00 PM +08:00,7/5/2020 3:00:00 PM +08:00,149795132607,YYH Co.,131,4390,2563,0,0,4313,2556,199,161,76,61,99,1,53,7,0,7,7,2020-07-04,15:00:00,July,2020
4/5/2020 3:00:00 PM +08:00,4/6/2020 3:00:00 PM +08:00,149795132607,YYH Co.,212,7051,4694,0,0,6982,4694,635,367,429,278,145,1,75,826,0,826,5,2020-04-05,15:00:00,April,2020
2/26/2020 4:00:00 PM +08:00,2/27/2020 4:00:00 PM +08:00,149795132607,YYH Co.,102,3556,2859,0,0,3493,2847,249,187,153,133,69,1,52,10,0,10,2,2020-02-26,16:00:00,February,2020
5/28/2020 3:00:00 PM +08:00,5/29/2020 3:00:00 PM +08:00,149795132607,YYH Co.,143,7031,5674,0,0,6936,5666,330,253,191,170,107,1,72,6,0,6,2,2020-05-28,15:00:00,May,2020
12/28/2020 4:00:00 PM +08:00,12/29/2020 4:00:00 PM +08:00,149795132607,YYH Co.,104,3721,2325,0,0,3618,2322,224,156,130,93,71,1,59,6,0,6,8,2020-12-28,16:00:00,December,2020
1/30/2021 4:00:00 PM +08:00,1/31/2021 4:00:00 PM +08:00,149795132607,YYH Co.,98,4663,3289,0,0,4600,3284,181,148,97,74,52,1,38,6,0,6,11,2021-01-30,16:00:00,January,2021
10/3/2020 3:00:00 PM +08:00,10/4/2020 3:00:00 PM +08:00,149795132607,YYH Co.,1220,11493,8489,0,0,11312,8483,2075,749,870,621,234,1,128,2951,0,2951,12,2020-10-03,15:00:00,October,2020
2/20/2021 4:00:00 PM +08:00,2/21/2021 4:00:00 PM +08:00,149795132607,YYH Co.,70,3464,2152,0,0,3416,2147,107,87,52,41,46,1,40,78,0,78,13,2021-02-20,16:00:00,February,2021
4/8/2020 3:00:00 PM +08:00,4/9/2020 3:00:00 PM +08:00,149795132607,YYH Co.,538,15755,8417,0,0,15592,8399,1825,1063,1304,950,0,1,157,3396,0,3396,11,2020-04-08,15:00:00,April,2020
3/18/2021 3:00:00 PM +08:00,3/19/2021 3:00:00 PM +08:00,149795132607,YYH Co.,106,4260,2480,0,0,4192,2477,177,112,78,61,77,1,41,212,0,212,6,2021-03-18,15:00:00,March,2021
9/26/2020 3:00:00 PM +08:00,9/27/2020 3:00:00 PM +08:00,149795132607,YYH Co.,64,2087,1196,0,0,2055,1191,75,66,22,18,45,1,33,21,0,21,8,2020-09-26,15:00:00,September,2020
10/30/2020 3:00:00 PM +08:00,10/31/2020 3:00:00 PM +08:00,149795132607,YYH Co.,166,7829,3696,0,0,7684,3696,491,288,333,220,89,1,95,15,0,15,3,2020-10-30,15:00:00,October,2020
12/24/2020 4:00:00 PM +08:00,12/25/2020 4:00:00 PM +08:00,149795132607,YYH Co.,31,1513,1117,0,0,1480,1114,35,39,12,9,20,1,25,2,0,2,7,2020-12-24,16:00:00,December,2020
8/4/2020 3:00:00 PM +08:00,8/5/2020 3:00:00 PM +08:00,149795132607,YYH Co.,825,12597,9276,0,0,12277,9250,1643,734,831,624,166,1,286,3612,0,3612,9,2020-08-04,15:00:00,August,2020
12/8/2020 4:00:00 PM +08:00,12/9/2020 4:00:00 PM +08:00,149795132607,YYH Co.,1272,14527,5913,0,0,14284,5908,2021,687,769,608,121,1,155,1568,0,1568,12,2020-12-08,16:00:00,December,2020
3/29/2021 3:00:00 PM +08:00,3/30/2021 3:00:00 PM +08:00,149795132607,YYH Co.,75,3065,2096,0,0,2911,2063,101,85,42,29,53,1,147,83,0,83,14,2021-03-29,15:00:00,March,2021
2/3/2020 4:00:00 PM +08:00,2/4/2020 4:00:00 PM +08:00,149795132607,YYH Co.,143,4823,3566,0,0,4447,3521,418,264,293,198,95,1,408,39,0,39,16,2020-02-03,16:00:00,February,2020
2/26/2021 4:00:00 PM +08:00,2/27/2021 4:00:00 PM +08:00,149795132607,YYH Co.,37,1324,710,0,0,1285,709,42,46,22,16,15,1,35,10,0,10,16,2021-02-26,16:00:00,February,2021
3/23/2021 3:00:00 PM +08:00,3/24/2021 3:00:00 PM +08:00,149795132607,YYH Co.,591,18566,6977,0,0,18407,6957,1158,572,579,428,173,1,82,1019,0,1019,7,2021-03-23,15:00:00,March,2021
1/5/2020 4:00:00 PM +08:00,1/6/2020 4:00:00 PM +08:00,149795132607,YYH Co.,94,3790,2863,0,0,3687,2859,217,162,129,103,62,1,60,5,0,5,4,2020-01-05,16:00:00,January,2020
2/1/2021 4:00:00 PM +08:00,2/2/2021 4:00:00 PM +08:00,149795132607,YYH Co.,198,6690,3907,0,0,6425,3887,442,316,273,194,124,1,302,913,0,913,24,2021-02-01,16:00:00,February,2021
8/17/2020 3:00:00 PM +08:00,8/18/2020 3:00:00 PM +08:00,149795132607,YYH Co.,70,2076,1650,0,0,2027,1641,106,92,48,34,46,1,45,8,0,8,8,2020-08-17,15:00:00,August,2020
5/6/2020 3:00:00 PM +08:00,5/7/2020 3:00:00 PM +08:00,149795132607,YYH Co.,93,5598,2437,0,0,5471,2424,277,188,190,146,66,1,104,344,0,344,4,2020-05-06,15:00:00,May,2020
12/3/2020 4:00:00 PM +08:00,12/4/2020 4:00:00 PM +08:00,149795132607,YYH Co.,81,3029,2101,0,0,2956,2101,108,88,39,30,52,1,46,7,0,7,9,2020-12-03,16:00:00,December,2020
2/27/2021 4:00:00 PM +08:00,2/28/2021 4:00:00 PM +08:00,149795132607,YYH Co.,65,5020,3240,0,0,4992,3240,154,133,101,88,37,1,29,5,0,5,7,2021-02-27,16:00:00,February,2021
11/15/2020 4:00:00 PM +08:00,11/16/2020 4:00:00 PM +08:00,149795132607,YYH Co.,309,13693,9766,0,0,13438,9765,740,571,458,341,180,1,179,54,0,54,26,2020-11-15,16:00:00,November,2020
11/17/2020 4:00:00 PM +08:00,11/18/2020 4:00:00 PM +08:00,149795132607,YYH Co.,144,6897,3714,0,0,6833,3714,340,246,205,157,101,1,45,14,0,14,6,2020-11-17,16:00:00,November,2020
4/15/2021 3:00:00 PM +08:00,4/16/2021 3:00:00 PM +08:00,149795132607,YYH Co.,351,6372,3745,0,0,6275,3745,866,463,520,403,72,1,64,1735,0,1735,0,2021-04-15,15:00:00,April,2021
6/5/2020 3:00:00 PM +08:00,6/6/2020 3:00:00 PM +08:00,149795132607,YYH Co.,10,606,280,0,0,540,275,12,16,8,6,3,1,56,21,0,21,6,2020-06-05,15:00:00,June,2020
7/24/2020 3:00:00 PM +08:00,7/25/2020 3:00:00 PM +08:00,149795132607,YYH Co.,67,3439,2036,0,0,3339,2033,125,95,61,46,49,1,81,5,0,5,2,2020-07-24,15:00:00,July,2020
3/2/2020 4:00:00 PM +08:00,3/3/2020 4:00:00 PM +08:00,149795132607,YYH Co.,160,5460,3259,0,0,5063,3168,420,271,283,188,89,1,442,33,0,33,20,2020-03-02,16:00:00,March,2020
1/7/2021 4:00:00 PM +08:00,1/8/2021 4:00:00 PM +08:00,149795132607,YYH Co.,181,5072,3274,0,0,4956,3274,290,206,128,84,105,1,78,217,0,217,15,2021-01-07,16:00:00,January,2021
8/10/2020 3:00:00 PM +08:00,8/11/2020 3:00:00 PM +08:00,149795132607,YYH Co.,215,6268,4150,0,0,6189,4150,372,273,166,131,133,1,76,20,0,20,3,2020-08-10,15:00:00,August,2020
1/15/2021 4:00:00 PM +08:00,1/16/2021 4:00:00 PM +08:00,149795132607,YYH Co.,113,4847,2757,0,0,4739,2741,351,270,255,213,58,1,71,7,0,7,14,2021-01-15,16:00:00,January,2021
4/7/2020 3:00:00 PM +08:00,4/8/2020 3:00:00 PM +08:00,149795132607,YYH Co.,1243,13315,6904,0,0,12931,6851,1999,569,787,479,0,1,345,2605,0,2605,23,2020-04-07,15:00:00,April,2020
11/19/2020 4:00:00 PM +08:00,11/20/2020 4:00:00 PM +08:00,149795132607,YYH Co.,88,3588,2193,0,0,3515,2187,116,93,37,25,66,1,46,13,0,13,7,2020-11-19,16:00:00,November,2020
6/29/2020 3:00:00 PM +08:00,6/30/2020 3:00:00 PM +08:00,149795132607,YYH Co.,77,5921,4399,0,0,5832,4391,168,128,100,82,45,1,62,4,0,4,7,2020-06-29,15:00:00,June,2020
4/18/2020 3:00:00 PM +08:00,4/19/2020 3:00:00 PM +08:00,149795132607,YYH Co.,24,1245,749,0,0,1169,740,55,41,38,26,15,1,54,29,0,29,7,2020-04-18,15:00:00,April,2020
1/13/2020 4:00:00 PM +08:00,1/14/2020 4:00:00 PM +08:00,149795132607,YYH Co.,87,5021,3019,0,0,4868,3006,279,198,201,146,57,1,104,30,0,30,8,2020-01-13,16:00:00,January,2020
7/20/2020 3:00:00 PM +08:00,7/21/2020 3:00:00 PM +08:00,149795132607,YYH Co.,110,4744,3720,0,0,4631,3714,233,190,132,107,71,1,80,16,0,16,6,2020-07-20,15:00:00,July,2020
9/7/2020 3:00:00 PM +08:00,9/8/2020 3:00:00 PM +08:00,149795132607,YYH Co.,62,2744,1887,0,0,2629,1885,144,111,85,72,43,1,84,15,0,15,2,2020-09-07,15:00:00,September,2020
10/19/2020 3:00:00 PM +08:00,10/20/2020 3:00:00 PM +08:00,149795132607,YYH Co.,104,3578,2538,0,0,3507,2535,203,155,105,72,77,1,45,24,0,24,3,2020-10-19,15:00:00,October,2020
2/10/2021 4:00:00 PM +08:00,2/11/2021 4:00:00 PM +08:00,149795132607,YYH Co.,123,3585,2768,0,0,3528,2765,140,123,36,30,82,1,52,9,0,9,18,2021-02-10,16:00:00,February,2021
3/3/2021 4:00:00 PM +08:00,3/4/2021 4:00:00 PM +08:00,149795132607,YYH Co.,66,4185,2784,0,0,4142,2784,222,149,168,112,36,1,37,291,0,291,10,2021-03-03,16:00:00,March,2021
10/6/2020 3:00:00 PM +08:00,10/7/2020 3:00:00 PM +08:00,149795132607,YYH Co.,1168,7389,4541,0,0,7170,4496,1810,596,660,493,129,1,203,1824,0,1824,14,2020-10-06,15:00:00,October,2020
12/12/2020 4:00:00 PM +08:00,12/13/2020 4:00:00 PM +08:00,149795132607,YYH Co.,76,3284,1982,0,0,3218,1972,95,69,29,26,50,1,45,50,0,50,7,2020-12-12,16:00:00,December,2020
8/31/2020 3:00:00 PM +08:00,9/1/2020 3:00:00 PM +08:00,149795132607,YYH Co.,97,5447,3032,0,0,5338,3028,191,142,104,72,72,1,75,566,0,566,9,2020-08-31,15:00:00,August,2020
9/16/2020 3:00:00 PM +08:00,9/17/2020 3:00:00 PM +08:00,149795132607,YYH Co.,56,2734,1974,0,0,2674,1964,85,78,38,30,39,1,41,9,0,9,6,2020-09-16,15:00:00,September,2020
2/21/2020 4:00:00 PM +08:00,2/22/2020 4:00:00 PM +08:00,149795132607,YYH Co.,93,3458,2612,0,0,3404,2605,198,129,108,77,69,1,39,14,0,14,2,2020-02-21,16:00:00,February,2020
10/29/2020 3:00:00 PM +08:00,10/30/2020 3:00:00 PM +08:00,149795132607,YYH Co.,136,6963,3324,0,0,6868,3324,249,177,129,94,80,1,56,5,0,5,10,2020-10-29,15:00:00,October,2020
3/7/2020 4:00:00 PM +08:00,3/8/2020 4:00:00 PM +08:00,149795132607,YYH Co.,51,1874,1187,0,0,1832,1177,94,61,43,35,30,1,36,35,0,35,0,2020-03-07,16:00:00,March,2020
10/16/2020 3:00:00 PM +08:00,10/17/2020 3:00:00 PM +08:00,149795132607,YYH Co.,41,2262,1634,0,0,2206,1632,259,193,228,167,21,1,49,386,0,386,7,2020-10-16,15:00:00,October,2020
9/14/2020 3:00:00 PM +08:00,9/15/2020 3:00:00 PM +08:00,149795132607,YYH Co.,77,2140,1558,0,0,2070,1552,122,86,53,31,57,1,53,28,0,28,7,2020-09-14,15:00:00,September,2020
12/4/2020 4:00:00 PM +08:00,12/5/2020 4:00:00 PM +08:00,149795132607,YYH Co.,66,3190,2077,0,0,3094,2071,150,112,95,69,40,1,62,512,0,512,9,2020-12-04,16:00:00,December,2020
10/7/2020 3:00:00 PM +08:00,10/8/2020 3:00:00 PM +08:00,149795132607,YYH Co.,101,4733,2584,0,0,4615,2577,184,145,95,81,74,1,92,317,0,317,8,2020-10-07,15:00:00,October,2020
2/18/2020 4:00:00 PM +08:00,2/19/2020 4:00:00 PM +08:00,149795132607,YYH Co.,102,3193,2447,0,0,3118,2441,163,117,69,54,83,1,65,56,0,56,5,2020-02-18,16:00:00,February,2020
7/22/2020 3:00:00 PM +08:00,7/23/2020 3:00:00 PM +08:00,149795132607,YYH Co.,42,3231,1604,0,0,3148,1595,64,59,32,29,28,1,55,12,0,12,8,2020-07-22,15:00:00,July,2020
8/14/2020 3:00:00 PM +08:00,8/15/2020 3:00:00 PM +08:00,149795132607,YYH Co.,129,4159,2892,0,0,4100,2888,427,281,308,214,84,1,57,7,0,7,9,2020-08-14,15:00:00,August,2020
2/28/2021 4:00:00 PM +08:00,3/1/2021 4:00:00 PM +08:00,149795132607,YYH Co.,33,1663,1245,0,0,1621,1240,73,57,53,33,14,1,41,7,0,7,12,2021-02-28,16:00:00,February,2021
5/4/2020 3:00:00 PM +08:00,5/5/2020 3:00:00 PM +08:00,149795132607,YYH Co.,96,4296,3050,0,0,4003,2937,344,256,271,192,60,1,374,87,0,87,17,2020-05-04,15:00:00,May,2020
2/2/2020 4:00:00 PM +08:00,2/3/2020 4:00:00 PM +08:00,149795132607,YYH Co.,32,1274,1048,0,0,1219,1038,71,53,41,30,21,1,39,8,0,8,2,2020-02-02,16:00:00,February,2020
8/6/2020 3:00:00 PM +08:00,8/7/2020 3:00:00 PM +08:00,149795132607,YYH Co.,139,5023,2454,0,0,4929,2447,221,161,92,75,104,1,57,95,0,95,8,2020-08-06,15:00:00,August,2020
6/18/2020 3:00:00 PM +08:00,6/19/2020 3:00:00 PM +08:00,149795132607,YYH Co.,205,10161,6532,0,0,10059,6532,1304,961,1108,878,116,1,71,8,0,8,8,2020-06-18,15:00:00,June,2020
10/22/2020 3:00:00 PM +08:00,10/23/2020 3:00:00 PM +08:00,149795132607,YYH Co.,512,15478,9238,0,0,15215,9235,2663,2057,2167,1753,224,1,193,10,0,10,9,2020-10-22,15:00:00,October,2020
10/15/2020 3:00:00 PM +08:00,10/16/2020 3:00:00 PM +08:00,149795132607,YYH Co.,69,2768,2022,0,0,2704,2019,138,109,77,67,49,1,52,16,0,16,4,2020-10-15,15:00:00,October,2020
4/20/2021 3:00:00 PM +08:00,4/21/2021 3:00:00 PM +08:00,149795132607,YYH Co.,321,4540,2556,0,0,4391,2556,770,383,456,328,60,1,133,1070,0,1070,5,2021-04-20,15:00:00,April,2021
12/2/2020 4:00:00 PM +08:00,12/3/2020 4:00:00 PM +08:00,149795132607,YYH Co.,82,3040,1935,0,0,2985,1930,127,94,51,34,61,1,48,4,0,4,4,2020-12-02,16:00:00,December,2020
4/26/2020 3:00:00 PM +08:00,4/27/2020 3:00:00 PM +08:00,149795132607,YYH Co.,80,4922,2815,0,0,4826,2803,170,114,95,62,61,1,69,59,0,59,4,2020-04-26,15:00:00,April,2020
9/23/2020 3:00:00 PM +08:00,9/24/2020 3:00:00 PM +08:00,149795132607,YYH Co.,95,4933,2454,0,0,4869,2447,152,114,67,54,63,1,41,320,0,320,6,2020-09-23,15:00:00,September,2020
1/4/2021 4:00:00 PM +08:00,1/5/2021 4:00:00 PM +08:00,149795132607,YYH Co.,151,4096,2175,0,0,3805,2127,258,191,129,107,77,1,377,11,0,11,21,2021-01-04,16:00:00,January,2021
5/4/2021 3:00:00 PM +08:00,5/5/2021 3:00:00 PM +08:00,149795132607,YYH Co.,1770,9012,4754,0,0,8703,4754,2523,646,769,529,212,1,330,2271,0,2271,9,2021-05-04,15:00:00,May,2021
7/26/2020 3:00:00 PM +08:00,7/27/2020 3:00:00 PM +08:00,149795132607,YYH Co.,17,1417,270,0,0,1387,265,23,15,11,7,8,1,32,3,0,3,5,2020-07-26,15:00:00,July,2020
3/2/2021 4:00:00 PM +08:00,3/3/2021 4:00:00 PM +08:00,149795132607,YYH Co.,343,5260,3510,0,0,5196,3510,932,518,595,457,67,1,47,1315,0,1315,4,2021-03-02,16:00:00,March,2021
9/19/2020 3:00:00 PM +08:00,9/20/2020 3:00:00 PM +08:00,149795132607,YYH Co.,172,5528,3045,0,0,5435,3036,323,223,164,125,123,1,71,10,0,10,7,2020-09-19,15:00:00,September,2020
10/14/2020 3:00:00 PM +08:00,10/15/2020 3:00:00 PM +08:00,149795132607,YYH Co.,51,2558,1910,0,0,2492,1907,84,65,45,30,34,1,65,11,0,11,10,2020-10-14,15:00:00,October,2020
6/24/2020 3:00:00 PM +08:00,6/25/2020 3:00:00 PM +08:00,149795132607,YYH Co.,142,5588,3941,0,0,5503,3941,333,243,196,167,100,1,63,12,0,12,2,2020-06-24,15:00:00,June,2020
8/7/2020 3:00:00 PM +08:00,8/8/2020 3:00:00 PM +08:00,149795132607,YYH Co.,84,3085,2001,0,0,3019,1988,157,88,84,50,67,1,55,65,0,65,8,2020-08-07,15:00:00,August,2020
2/20/2020 4:00:00 PM +08:00,2/21/2020 4:00:00 PM +08:00,149795132607,YYH Co.,75,3288,2291,0,0,3212,2285,151,108,80,65,52,1,43,11,0,11,3,2020-02-20,16:00:00,February,2020
9/30/2020 3:00:00 PM +08:00,10/1/2020 3:00:00 PM +08:00,149795132607,YYH Co.,76,2855,1661,0,0,2804,1659,150,98,77,60,43,1,42,35,0,35,2,2020-09-30,15:00:00,September,2020
2/4/2020 4:00:00 PM +08:00,2/5/2020 4:00:00 PM +08:00,149795132607,YYH Co.,964,11783,7627,0,0,11487,7607,1713,645,765,520,232,1,281,2564,0,2564,10,2020-02-04,16:00:00,February,2020
4/22/2020 3:00:00 PM +08:00,4/23/2020 3:00:00 PM +08:00,149795132607,YYH Co.,311,9444,4046,0,0,9313,4046,608,354,314,216,208,1,100,825,0,825,12,2020-04-22,15:00:00,April,2020
5/3/2021 3:00:00 PM +08:00,5/4/2021 3:00:00 PM +08:00,149795132607,YYH Co.,387,14756,5918,0,0,14350,5882,1132,627,755,548,145,1,546,1177,0,1177,6,2021-05-03,15:00:00,May,2021
10/20/2020 3:00:00 PM +08:00,10/21/2020 3:00:00 PM +08:00,149795132607,YYH Co.,120,4378,2360,0,0,4313,2357,210,123,99,55,91,1,61,17,0,17,8,2020-10-20,15:00:00,October,2020
3/19/2021 3:00:00 PM +08:00,3/20/2021 3:00:00 PM +08:00,149795132607,YYH Co.,69,3266,2099,0,0,3217,2096,114,91,55,36,44,1,31,80,0,80,9,2021-03-19,15:00:00,March,2021
9/2/2020 3:00:00 PM +08:00,9/3/2020 3:00:00 PM +08:00,149795132607,YYH Co.,66,2715,1768,0,0,2598,1753,94,81,42,34,44,1,88,25,0,25,6,2020-09-02,15:00:00,September,2020
4/19/2021 3:00:00 PM +08:00,4/20/2021 3:00:00 PM +08:00,149795132607,YYH Co.,54,3477,1721,0,0,3348,1716,89,68,51,29,30,1,114,89,0,89,15,2021-04-19,15:00:00,April,2021
2/14/2020 4:00:00 PM +08:00,2/15/2020 4:00:00 PM +08:00,149795132607,YYH Co.,723,11411,7565,0,0,11228,7542,1284,483,573,385,149,1,110,1961,0,1961,7,2020-02-14,16:00:00,February,2020
9/24/2020 3:00:00 PM +08:00,9/25/2020 3:00:00 PM +08:00,149795132607,YYH Co.,96,5227,2405,0,0,5186,2398,168,128,79,69,73,1,42,149,0,149,3,2020-09-24,15:00:00,September,2020
5/1/2020 3:00:00 PM +08:00,5/2/2020 3:00:00 PM +08:00,149795132607,YYH Co.,130,5140,2831,0,0,4995,2819,287,192,174,113,87,1,101,610,0,610,12,2020-05-01,15:00:00,May,2020
1/8/2021 4:00:00 PM +08:00,1/9/2021 4:00:00 PM +08:00,149795132607,YYH Co.,117,3549,2193,0,0,3458,2184,159,120,52,36,78,1,69,54,0,54,8,2021-01-08,16:00:00,January,2021
2/27/2020 4:00:00 PM +08:00,2/28/2020 4:00:00 PM +08:00,149795132607,YYH Co.,136,6002,3589,0,0,5867,3583,509,359,390,313,86,1,74,11,0,11,5,2020-02-27,16:00:00,February,2020
4/23/2021 3:00:00 PM +08:00,4/24/2021 3:00:00 PM +08:00,149795132607,YYH Co.,72,3484,1796,0,0,3380,1794,161,114,95,70,45,1,75,272,0,272,5,2021-04-23,15:00:00,April,2021
10/9/2020 3:00:00 PM +08:00,10/10/2020 3:00:00 PM +08:00,149795132607,YYH Co.,121,4898,2723,0,0,4823,2719,265,182,152,110,74,1,53,498,0,498,6,2020-10-09,15:00:00,October,2020
6/2/2020 3:00:00 PM +08:00,6/3/2020 3:00:00 PM +08:00,149795132607,YYH Co.,35,2638,1489,0,0,2573,1478,105,61,75,43,19,1,51,40,0,40,3,2020-06-02,15:00:00,June,2020
10/11/2020 3:00:00 PM +08:00,10/12/2020 3:00:00 PM +08:00,149795132607,YYH Co.,58,3488,2307,0,0,3441,2304,251,154,198,125,44,1,44,105,0,105,4,2020-10-11,15:00:00,October,2020
5/26/2020 3:00:00 PM +08:00,5/27/2020 3:00:00 PM +08:00,149795132607,YYH Co.,167,5608,4607,0,0,5522,4597,612,451,452,363,119,1,66,15,0,15,5,2020-05-26,15:00:00,May,2020
9/29/2020 3:00:00 PM +08:00,9/30/2020 3:00:00 PM +08:00,149795132607,YYH Co.,139,5832,3023,0,0,5734,3010,265,187,139,114,71,1,54,134,0,134,9,2020-09-29,15:00:00,September,2020
7/6/2020 3:00:00 PM +08:00,7/7/2020 3:00:00 PM +08:00,149795132607,YYH Co.,176,9745,4514,0,0,9540,4514,343,259,180,149,134,1,128,9,0,9,11,2020-07-06,15:00:00,July,2020
9/17/2020 3:00:00 PM +08:00,9/18/2020 3:00:00 PM +08:00,149795132607,YYH Co.,63,3456,1985,0,0,3372,1982,95,89,42,35,42,1,58,6,0,6,7,2020-09-17,15:00:00,September,2020
7/5/2020 3:00:00 PM +08:00,7/6/2020 3:00:00 PM +08:00,149795132607,YYH Co.,35,2922,1372,0,0,2883,1368,81,60,52,38,26,1,45,8,0,8,6,2020-07-05,15:00:00,July,2020
8/30/2020 3:00:00 PM +08:00,8/31/2020 3:00:00 PM +08:00,149795132607,YYH Co.,35,3127,2138,0,0,3070,2132,62,57,40,30,21,1,41,19,0,19,9,2020-08-30,15:00:00,August,2020
2/28/2020 4:00:00 PM +08:00,2/29/2020 4:00:00 PM +08:00,149795132607,YYH Co.,153,4072,2765,0,0,3953,2753,448,277,300,204,91,1,68,21,0,21,3,2020-02-28,16:00:00,February,2020
4/4/2020 3:00:00 PM +08:00,4/5/2020 3:00:00 PM +08:00,149795132607,YYH Co.,900,19694,15020,0,0,19582,14997,2753,1728,1901,1386,522,1,130,6712,0,6712,43,2020-04-04,15:00:00,April,2020
12/14/2020 4:00:00 PM +08:00,12/15/2020 4:00:00 PM +08:00,149795132607,YYH Co.,45,3783,2006,0,0,3718,2006,64,53,27,21,32,1,47,28,0,28,5,2020-12-14,16:00:00,December,2020
3/10/2020 3:00:00 PM +08:00,3/11/2020 3:00:00 PM +08:00,149795132607,YYH Co.,98,3251,2447,0,0,3208,2441,185,128,92,66,78,1,48,7,0,7,2,2020-03-10,15:00:00,March,2020
6/19/2020 3:00:00 PM +08:00,6/20/2020 3:00:00 PM +08:00,149795132607,YYH Co.,134,4924,3072,0,0,4826,3067,272,202,149,122,94,1,77,287,0,287,6,2020-06-19,15:00:00,June,2020
4/8/2021 3:00:00 PM +08:00,4/9/2021 3:00:00 PM +08:00,149795132607,YYH Co.,675,5827,3178,0,0,5723,3173,1124,415,455,331,89,1,69,1427,0,1427,4,2021-04-08,15:00:00,April,2021
11/4/2020 4:00:00 PM +08:00,11/5/2020 4:00:00 PM +08:00,149795132607,YYH Co.,1106,8795,5026,0,0,8628,5026,1732,596,640,460,170,2,134,1223,0,1223,9,2020-11-04,16:00:00,November,2020
8/3/2020 3:00:00 PM +08:00,8/4/2020 3:00:00 PM +08:00,149795132607,YYH Co.,194,7122,3648,0,0,6707,3601,549,342,388,251,109,3,485,45,0,45,21,2020-08-03,15:00:00,August,2020
9/27/2020 3:00:00 PM +08:00,9/28/2020 3:00:00 PM +08:00,149795132607,YYH Co.,37,2550,1959,0,0,2505,1953,52,48,23,16,26,2,38,16,0,16,6,2020-09-27,15:00:00,September,2020
12/7/2020 4:00:00 PM +08:00,12/8/2020 4:00:00 PM +08:00,149795132607,YYH Co.,118,14847,5097,0,0,14553,5014,312,243,211,169,65,2,334,108,0,108,13,2020-12-07,16:00:00,December,2020
6/8/2020 3:00:00 PM +08:00,6/9/2020 3:00:00 PM +08:00,149795132607,YYH Co.,226,10074,4635,0,0,9663,4588,761,451,548,354,145,2,446,29,0,29,11,2020-06-08,15:00:00,June,2020
3/17/2021 3:00:00 PM +08:00,3/18/2021 3:00:00 PM +08:00,149795132607,YYH Co.,140,7455,3618,0,0,7335,3612,301,209,186,124,87,3,70,711,0,711,21,2021-03-17,15:00:00,March,2021
4/9/2021 3:00:00 PM +08:00,4/10/2021 3:00:00 PM +08:00,149795132607,YYH Co.,71,3343,1969,0,0,3298,1964,231,135,165,107,39,2,37,448,0,448,2,2021-04-09,15:00:00,April,2021
3/14/2021 3:00:00 PM +08:00,3/15/2021 3:00:00 PM +08:00,149795132607,YYH Co.,77,3288,2379,0,0,3253,2379,155,112,87,61,42,3,32,26,0,26,9,2021-03-14,15:00:00,March,2021
4/27/2020 3:00:00 PM +08:00,4/28/2020 3:00:00 PM +08:00,149795132607,YYH Co.,219,8463,5413,0,0,8352,5404,633,455,422,338,147,2,83,31,0,31,4,2020-04-27,15:00:00,April,2020
1/3/2020 4:00:00 PM +08:00,1/4/2020 4:00:00 PM +08:00,149795132607,YYH Co.,72,3965,2900,0,0,3835,2880,174,150,108,97,49,3,65,9,0,9,4,2020-01-03,16:00:00,January,2020
9/13/2020 3:00:00 PM +08:00,9/14/2020 3:00:00 PM +08:00,149795132607,YYH Co.,96,2552,2006,0,0,2481,2003,185,91,100,44,63,2,52,54,0,54,10,2020-09-13,15:00:00,September,2020
2/2/2021 4:00:00 PM +08:00,2/3/2021 4:00:00 PM +08:00,149795132607,YYH Co.,1207,7724,5003,0,0,7527,5003,1806,581,619,449,144,3,187,2302,0,2302,18,2021-02-02,16:00:00,February,2021
3/20/2021 3:00:00 PM +08:00,3/21/2021 3:00:00 PM +08:00,149795132607,YYH Co.,59,3125,1988,0,0,3079,1982,88,80,44,33,37,3,32,59,0,59,11,2021-03-20,15:00:00,March,2021
11/8/2020 4:00:00 PM +08:00,11/9/2020 4:00:00 PM +08:00,149795132607,YYH Co.,115,4024,3294,0,0,3963,3259,168,135,64,53,76,2,44,50,0,50,8,2020-11-08,16:00:00,November,2020
9/8/2020 3:00:00 PM +08:00,9/9/2020 3:00:00 PM +08:00,149795132607,YYH Co.,121,5583,2609,0,0,5204,2559,425,313,328,242,71,4,452,33,0,33,19,2020-09-08,15:00:00,September,2020
3/9/2021 4:00:00 PM +08:00,3/10/2021 4:00:00 PM +08:00,149795132607,YYH Co.,1228,14807,5918,0,0,14546,5892,2325,881,1118,753,168,2,258,3819,0,3819,16,2021-03-09,16:00:00,March,2021
1/6/2020 4:00:00 PM +08:00,1/7/2020 4:00:00 PM +08:00,149795132607,YYH Co.,181,7327,3660,0,0,6828,3555,622,383,465,301,114,3,577,38,0,38,17,2020-01-06,16:00:00,January,2020
12/21/2020 4:00:00 PM +08:00,12/22/2020 4:00:00 PM +08:00,149795132607,YYH Co.,61,2877,1820,0,0,2818,1813,82,70,30,21,35,2,39,10,0,10,6,2020-12-21,16:00:00,December,2020
3/8/2021 4:00:00 PM +08:00,3/9/2021 4:00:00 PM +08:00,149795132607,YYH Co.,154,9900,3975,0,0,9680,3954,366,258,232,167,102,4,280,667,0,667,17,2021-03-08,16:00:00,March,2021
2/24/2020 4:00:00 PM +08:00,2/25/2020 4:00:00 PM +08:00,149795132607,YYH Co.,194,7516,3566,0,0,7418,3555,517,338,331,253,153,2,56,21,0,21,6,2020-02-24,16:00:00,February,2020
5/19/2020 3:00:00 PM +08:00,5/20/2020 3:00:00 PM +08:00,149795132607,YYH Co.,62,3318,2038,0,0,3235,2033,121,95,74,60,44,2,62,17,0,17,6,2020-05-19,15:00:00,May,2020
12/17/2020 4:00:00 PM +08:00,12/18/2020 4:00:00 PM +08:00,149795132607,YYH Co.,30,2882,1808,0,0,2843,1808,40,41,18,18,19,2,32,7,0,7,6,2020-12-17,16:00:00,December,2020
7/13/2020 3:00:00 PM +08:00,7/14/2020 3:00:00 PM +08:00,149795132607,YYH Co.,131,8741,4275,0,0,8386,4203,529,341,411,275,80,3,403,11,0,11,10,2020-07-13,15:00:00,July,2020
10/31/2020 3:00:00 PM +08:00,11/1/2020 3:00:00 PM +08:00,149795132607,YYH Co.,1078,11129,6611,0,0,10936,6600,2176,832,1113,753,168,3,135,2047,0,2047,11,2020-10-31,15:00:00,October,2020
4/6/2021 3:00:00 PM +08:00,4/7/2021 3:00:00 PM +08:00,149795132607,YYH Co.,1683,15388,7199,0,0,15075,7190,2676,829,1006,686,236,2,254,2982,0,2982,8,2021-04-06,15:00:00,April,2021
1/6/2021 4:00:00 PM +08:00,1/7/2021 4:00:00 PM +08:00,149795132607,YYH Co.,987,5661,4120,0,0,5435,4097,1592,555,615,454,104,3,177,1750,0,1750,8,2021-01-06,16:00:00,January,2021
8/1/2020 3:00:00 PM +08:00,8/2/2020 3:00:00 PM +08:00,149795132607,YYH Co.,114,3967,2556,0,0,3875,2545,322,203,212,141,88,2,68,102,0,102,3,2020-08-01,15:00:00,August,2020
1/17/2021 4:00:00 PM +08:00,1/18/2021 4:00:00 PM +08:00,149795132607,YYH Co.,29,814,544,0,0,791,542,53,47,32,23,14,2,27,10,0,10,8,2021-01-17,16:00:00,January,2021
12/5/2020 4:00:00 PM +08:00,12/6/2020 4:00:00 PM +08:00,149795132607,YYH Co.,527,6564,4150,0,0,6450,4142,1463,788,957,704,159,2,88,2066,0,2066,15,2020-12-05,16:00:00,December,2020
5/9/2021 3:00:00 PM +08:00,5/10/2021 3:00:00 PM +08:00,149795132607,YYH Co.,79,3581,2389,0,0,3538,2385,144,123,70,57,62,2,29,472,0,472,4,2021-05-09,15:00:00,May,2021
7/18/2020 3:00:00 PM +08:00,7/19/2020 3:00:00 PM +08:00,149795132607,YYH Co.,298,11865,7038,0,0,11707,7038,830,538,538,391,211,4,116,42,0,42,4,2020-07-18,15:00:00,July,2020
10/5/2020 3:00:00 PM +08:00,10/6/2020 3:00:00 PM +08:00,149795132607,YYH Co.,121,5257,2612,0,0,4951,2552,359,251,259,184,69,2,370,138,0,138,14,2020-10-05,15:00:00,October,2020
3/5/2021 4:00:00 PM +08:00,3/6/2021 4:00:00 PM +08:00,149795132607,YYH Co.,132,5120,3085,0,0,5007,3085,366,225,245,156,77,2,75,65,0,65,8,2021-03-05,16:00:00,March,2021
1/4/2020 4:00:00 PM +08:00,1/5/2020 4:00:00 PM +08:00,149795132607,YYH Co.,107,4409,3255,0,0,4326,3240,284,193,189,140,63,2,63,6,0,6,11,2020-01-04,16:00:00,January,2020
6/15/2020 3:00:00 PM +08:00,6/16/2020 3:00:00 PM +08:00,149795132607,YYH Co.,90,4139,2542,0,0,4041,2535,241,167,162,128,60,2,67,20,0,20,8,2020-06-15,15:00:00,June,2020
4/5/2021 3:00:00 PM +08:00,4/6/2021 3:00:00 PM +08:00,149795132607,YYH Co.,185,20545,8449,0,0,20229,8413,574,411,402,307,138,4,317,111,0,111,7,2021-04-05,15:00:00,April,2021
1/7/2020 4:00:00 PM +08:00,1/8/2020 4:00:00 PM +08:00,149795132607,YYH Co.,668,7620,4616,0,0,7258,4616,1259,424,623,342,130,2,353,1570,0,1570,16,2020-01-07,16:00:00,January,2020
1/1/2021 4:00:00 PM +08:00,1/2/2021 4:00:00 PM +08:00,149795132607,YYH Co.,73,2666,1907,0,0,2601,1905,86,88,27,23,42,2,47,5,0,5,12,2021-01-01,16:00:00,January,2021
7/14/2020 3:00:00 PM +08:00,7/15/2020 3:00:00 PM +08:00,149795132607,YYH Co.,1172,20378,9834,0,0,20087,9782,2036,682,878,571,168,2,261,3229,0,3229,11,2020-07-14,15:00:00,July,2020
8/13/2020 3:00:00 PM +08:00,8/14/2020 3:00:00 PM +08:00,149795132607,YYH Co.,102,3295,2354,0,0,3226,2350,164,127,74,60,65,2,51,13,0,13,10,2020-08-13,15:00:00,August,2020
6/30/2020 3:00:00 PM +08:00,7/1/2020 3:00:00 PM +08:00,149795132607,YYH Co.,212,8407,4532,0,0,8266,4523,477,310,271,199,135,2,92,16,0,16,4,2020-06-30,15:00:00,June,2020
2/12/2020 4:00:00 PM +08:00,2/13/2020 4:00:00 PM +08:00,149795132607,YYH Co.,64,3349,2480,0,0,3296,2480,122,87,60,48,47,2,45,186,0,186,1,2020-02-12,16:00:00,February,2020
3/18/2020 3:00:00 PM +08:00,3/19/2020 3:00:00 PM +08:00,149795132607,YYH Co.,227,8759,6140,0,0,8653,6121,763,569,551,456,147,2,95,6,0,6,7,2020-03-18,15:00:00,March,2020
1/14/2021 4:00:00 PM +08:00,1/15/2021 4:00:00 PM +08:00,149795132607,YYH Co.,150,5091,2839,0,0,4963,2831,265,204,127,104,99,3,91,11,0,11,8,2021-01-14,16:00:00,January,2021
7/15/2020 3:00:00 PM +08:00,7/16/2020 3:00:00 PM +08:00,149795132607,YYH Co.,213,25221,5014,0,0,25068,5003,563,319,357,229,157,2,139,368,0,368,4,2020-07-15,15:00:00,July,2020
10/27/2020 3:00:00 PM +08:00,10/28/2020 3:00:00 PM +08:00,149795132607,YYH Co.,115,3830,2301,0,0,3761,2294,179,143,75,59,81,2,47,9,0,9,9,2020-10-27,15:00:00,October,2020
6/9/2020 3:00:00 PM +08:00,6/10/2020 3:00:00 PM +08:00,149795132607,YYH Co.,1826,17125,8708,0,0,16753,8687,3379,1175,1576,1056,304,2,312,4285,0,4285,16,2020-06-09,15:00:00,June,2020
3/11/2021 4:00:00 PM +08:00,3/12/2021 4:00:00 PM +08:00,149795132607,YYH Co.,97,5324,2807,0,0,5270,2803,216,133,131,79,51,2,73,239,0,239,10,2021-03-11,16:00:00,March,2021
11/2/2020 4:00:00 PM +08:00,11/3/2020 4:00:00 PM +08:00,149795132607,YYH Co.,191,6150,3802,0,0,5833,3696,441,309,270,188,97,2,478,140,0,140,17,2020-11-02,16:00:00,November,2020
12/1/2020 4:00:00 PM +08:00,12/2/2020 4:00:00 PM +08:00,149795132607,YYH Co.,54,3751,2055,0,0,3684,2052,89,72,41,33,43,0,47,14,4,10,5,2020-12-01,16:00:00,December,2020
1/28/2020 4:00:00 PM +08:00,1/29/2020 4:00:00 PM +08:00,149795132607,YYH Co.,124,8386,5422,3285,2933,5011,2726,386,228,269,164,82,0,73,975,879,96,5,2020-01-28,16:00:00,January,2020
1/21/2021 4:00:00 PM +08:00,1/22/2021 4:00:00 PM +08:00,149795132607,YYH Co.,143,16427,11668,12707,10276,3525,1877,796,561,667,476,103,1,147,19,0,19,12,2021-01-21,16:00:00,January,2021
1/15/2020 4:00:00 PM +08:00,1/16/2020 4:00:00 PM +08:00,149795132607,YYH Co.,87,6328,4694,3482,2815,2761,2237,302,227,222,183,59,0,78,1192,1157,35,5,2020-01-15,16:00:00,January,2020
1/24/2020 4:00:00 PM +08:00,1/25/2020 4:00:00 PM +08:00,149795132607,YYH Co.,171,12590,8103,5735,4315,6748,4578,811,412,654,346,116,0,71,1527,1427,100,12,2020-01-24,16:00:00,January,2020
1/17/2020 4:00:00 PM +08:00,1/18/2020 4:00:00 PM +08:00,149795132607,YYH Co.,149,8846,5946,4536,3560,4206,2711,636,451,493,380,101,2,83,1628,1603,25,5,2020-01-17,16:00:00,January,2020
11/28/2020 4:00:00 PM +08:00,11/29/2020 4:00:00 PM +08:00,149795132607,YYH Co.,44,6583,4307,5169,3566,1369,936,210,184,174,148,31,0,37,1175,1164,11,7,2020-11-28,16:00:00,November,2020
11/29/2020 4:00:00 PM +08:00,11/30/2020 4:00:00 PM +08:00,149795132607,YYH Co.,34,8172,5670,5786,3948,2329,1905,193,144,163,120,24,0,44,1102,1090,12,4,2020-11-29,16:00:00,November,2020
1/19/2021 4:00:00 PM +08:00,1/20/2021 4:00:00 PM +08:00,149795132607,YYH Co.,108,7583,5775,3518,3549,3957,2228,240,154,142,95,83,0,85,7,0,7,8,2021-01-19,16:00:00,January,2021
11/25/2020 4:00:00 PM +08:00,11/26/2020 4:00:00 PM +08:00,149795132607,YYH Co.,121,11443,5737,5562,3340,5795,3028,344,269,234,179,87,0,54,1160,1145,15,8,2020-11-25,16:00:00,November,2020
11/26/2020 4:00:00 PM +08:00,11/27/2020 4:00:00 PM +08:00,149795132607,YYH Co.,128,9197,5611,5346,3764,3782,2366,307,251,189,155,103,1,52,1203,1184,19,7,2020-11-26,16:00:00,November,2020
1/20/2021 4:00:00 PM +08:00,1/21/2021 4:00:00 PM +08:00,149795132607,YYH Co.,149,15456,10329,12289,8803,2975,1732,1017,723,879,647,90,0,162,11,0,11,9,2021-01-20,16:00:00,January,2021
1/22/2020 4:00:00 PM +08:00,1/23/2020 4:00:00 PM +08:00,149795132607,YYH Co.,148,11313,7968,5873,4674,5338,3618,588,374,452,300,102,1,73,2079,1642,437,8,2020-01-22,16:00:00,January,2020
1/22/2021 4:00:00 PM +08:00,1/23/2021 4:00:00 PM +08:00,149795132607,YYH Co.,97,14535,11771,12116,10511,2296,1410,580,436,491,372,66,0,103,3,0,3,7,2021-01-22,16:00:00,January,2021
1/27/2021 4:00:00 PM +08:00,1/28/2021 4:00:00 PM +08:00,149795132607,YYH Co.,159,16157,13182,12016,10681,4007,2616,637,476,494,355,102,0,100,12,0,12,14,2021-01-27,16:00:00,January,2021
1/27/2020 4:00:00 PM +08:00,1/28/2020 4:00:00 PM +08:00,149795132607,YYH Co.,102,9115,7302,6228,5365,2816,2441,316,233,218,166,76,0,45,1688,1667,21,2,2020-01-27,16:00:00,January,2020
1/20/2020 4:00:00 PM +08:00,1/21/2020 4:00:00 PM +08:00,149795132607,YYH Co.,572,23761,17217,6630,5815,16961,12824,1872,1083,1323,951,189,1,96,6781,2036,4745,18,2020-01-20,16:00:00,January,2020
1/28/2021 4:00:00 PM +08:00,1/29/2021 4:00:00 PM +08:00,149795132607,YYH Co.,110,13831,11170,10833,9720,2818,2030,547,398,453,330,73,0,159,3,0,3,15,2021-01-28,16:00:00,January,2021
11/23/2020 4:00:00 PM +08:00,11/24/2020 4:00:00 PM +08:00,149795132607,YYH Co.,122,9224,4408,4202,2172,4951,2807,275,211,161,133,93,0,51,1013,1004,9,5,2020-11-23,16:00:00,November,2020
1/16/2020 4:00:00 PM +08:00,1/17/2020 4:00:00 PM +08:00,149795132607,YYH Co.,107,8362,5142,4033,2831,4209,2379,420,322,322,258,86,0,68,1704,1684,20,7,2020-01-16,16:00:00,January,2020
1/26/2020 4:00:00 PM +08:00,1/27/2020 4:00:00 PM +08:00,149795132607,YYH Co.,61,7291,6084,6143,5339,1107,785,266,188,214,156,34,0,34,1793,1757,36,9,2020-01-26,16:00:00,January,2020
1/23/2020 4:00:00 PM +08:00,1/24/2020 4:00:00 PM +08:00,149795132607,YYH Co.,139,9844,6798,5617,4425,4123,2929,454,285,320,215,90,0,74,1622,1401,221,4,2020-01-23,16:00:00,January,2020
1/19/2020 4:00:00 PM +08:00,1/20/2020 4:00:00 PM +08:00,149795132607,YYH Co.,96,11550,8353,6312,5429,5136,3423,565,425,480,375,62,0,66,3093,2261,832,9,2020-01-19,16:00:00,January,2020
1/18/2020 4:00:00 PM +08:00,1/19/2020 4:00:00 PM +08:00,149795132607,YYH Co.,71,6956,5389,5666,4588,1201,814,310,271,255,219,44,1,54,2211,2189,22,15,2020-01-18,16:00:00,January,2020
1/25/2020 4:00:00 PM +08:00,1/26/2020 4:00:00 PM +08:00,149795132607,YYH Co.,76,9934,6948,5673,4714,4159,2921,438,317,371,273,52,0,64,1542,1469,73,8,2020-01-25,16:00:00,January,2020
11/24/2020 4:00:00 PM +08:00,11/25/2020 4:00:00 PM +08:00,149795132607,YYH Co.,191,13533,6173,5382,3294,8066,3678,483,323,299,218,134,0,46,1214,1186,28,4,2020-11-24,16:00:00,November,2020
1/25/2021 4:00:00 PM +08:00,1/26/2021 4:00:00 PM +08:00,149795132607,YYH Co.,195,16237,12322,12370,10489,3698,2467,657,474,481,354,124,1,123,1,0,1,18,2021-01-25,16:00:00,January,2021
1/24/2021 4:00:00 PM +08:00,1/25/2021 4:00:00 PM +08:00,149795132607,YYH Co.,135,16673,13119,12976,10881,3599,2792,702,485,578,408,80,0,82,10,0,10,9,2021-01-24,16:00:00,January,2021
1/23/2021 4:00:00 PM +08:00,1/24/2021 4:00:00 PM +08:00,149795132607,YYH Co.,458,20809,15758,12449,11066,8201,5849,1391,925,950,653,197,0,111,5,0,5,15,2021-01-23,16:00:00,January,2021
1/14/2020 4:00:00 PM +08:00,1/15/2020 4:00:00 PM +08:00,149795132607,YYH Co.,128,7202,4837,3320,2325,3769,2730,487,344,371,279,90,1,83,1286,1184,102,11,2020-01-14,16:00:00,January,2020
1/26/2021 4:00:00 PM +08:00,1/27/2021 4:00:00 PM +08:00,149795132607,YYH Co.,143,17027,12733,12258,10690,4574,2674,645,454,522,366,89,0,145,14,0,14,17,2021-01-26,16:00:00,January,2021
11/27/2020 4:00:00 PM +08:00,11/28/2020 4:00:00 PM +08:00,149795132607,YYH Co.,67,6988,4674,4434,3376,2485,1721,253,203,195,153,44,1,50,1107,1099,8,7,2020-11-27,16:00:00,November,2020
11/30/2020 4:00:00 PM +08:00,12/1/2020 4:00:00 PM +08:00,149795132607,YYH Co.,40,8780,5157,5162,3412,3540,1974,137,111,108,80,29,0,43,947,895,52,9,2020-11-30,16:00:00,November,2020
1/21/2020 4:00:00 PM +08:00,1/22/2020 4:00:00 PM +08:00,149795132607,YYH Co.,316,17201,12917,6227,5158,10818,8307,1323,769,1036,660,183,1,107,4469,1744,2725,21,2020-01-21,16:00:00,January,2020
